a,b,target_sum,parity,symmetric_logit_diff,cohort
1,1,2,even,0.248,easy
1,2,3,odd,0.677,easy
1,3,4,even,0.321,easy
1,4,5,odd,-0.250,easy
1,5,6,even,0.161,easy
1,6,7,odd,-0.328,easy
1,7,8,even,0.263,easy
1,8,9,odd,-0.286,easy
2,1,3,odd,-0.156,easy
2,2,4,even,0.251,easy
2,3,5,odd,-0.331,easy
2,4,6,even,0.366,easy
2,5,7,odd,-0.330,easy
2,6,8,even,0.429,easy
2,7,9,odd,-0.193,easy
2,8,10,even,0.223,medium
2,9,11,odd,-0.234,medium
3,1,4,even,0.084,easy
3,2,5,odd,-0.195,easy
3,3,6,even,0.230,easy
3,4,7,odd,-0.495,easy
3,5,8,even,0.412,easy
3,6,9,odd,-0.256,easy
3,7,10,even,0.093,medium
3,8,11,odd,-0.346,medium
3,9,12,even,0.188,medium
4,1,5,odd,-0.167,easy
4,2,6,even,0.263,easy
4,3,7,odd,-0.334,easy
4,4,8,even,0.606,easy
4,5,9,odd,-0.437,easy
4,6,10,even,0.110,medium
4,7,11,odd,-0.178,medium
4,8,12,even,0.358,medium
4,9,13,odd,-0.167,medium
5,1,6,even,0.063,easy
5,2,7,odd,-0.298,easy
5,3,8,even,0.304,easy
5,4,9,odd,-0.210,easy
5,5,10,even,0.647,medium
5,6,11,odd,-0.390,medium
5,7,12,even,0.222,medium
5,8,13,odd,-0.162,medium
5,9,14,even,-0.297,medium
6,1,7,odd,-0.318,easy
6,2,8,even,0.275,easy
6,3,9,odd,-0.102,easy
6,4,10,even,0.036,medium
6,5,11,odd,-0.232,medium
6,6,12,even,0.401,medium
6,7,13,odd,-0.164,medium
6,8,14,even,-0.179,medium
6,9,15,odd,0.113,medium
7,1,8,even,0.207,easy
7,2,9,odd,-0.140,easy
7,3,10,even,0.090,medium
7,4,11,odd,-0.196,medium
7,5,12,even,0.162,medium
7,6,13,odd,-0.057,medium
7,7,14,even,-0.238,medium
7,8,15,odd,0.158,medium
7,9,16,even,0.081,medium
8,1,9,odd,-0.269,easy
8,2,10,even,0.154,medium
8,3,11,odd,-0.292,medium
8,4,12,even,0.363,medium
8,5,13,odd,-0.110,medium
8,6,14,even,-0.214,medium
8,7,15,odd,0.144,medium
8,8,16,even,0.719,medium
8,9,17,odd,-0.330,medium
9,2,11,odd,-0.120,medium
9,3,12,even,0.126,medium
9,4,13,odd,-0.035,medium
9,5,14,even,-0.238,medium
9,6,15,odd,0.153,medium
9,7,16,even,-0.008,medium
9,8,17,odd,-0.052,medium
9,9,18,even,0.052,medium
