target,role,a,b,query,request_payload,attempt,http_status,count,tokens,raw_response,error
10,tokenization_check,,,5 + 5 = 10,"{""index"": ""v4_dolma-v1_7_llama"", ""query_type"": ""count"", ""query"": ""5 + 5 = 10""}",1,200,3812,"[""5"", ""▁+"", ""▁"", ""5"", ""▁="", ""▁"", ""1"", ""0""]","{""approx"":false,""count"":3812,""latency"":0.8330345153808594,""token_ids"":[29945,718,29871,29945,353,29871,29896,29900],""tokens"":[""5"",""\u2581+"",""\u2581"",""5"",""\u2581="",""\u2581"",""1"",""0""]}
",
4,double_joint,2.0,2.0,2 + 2 = 4,"{""index"": ""v4_dolma-v1_7_llama"", ""query_type"": ""count"", ""query"": ""2 + 2 = 4""}",1,200,28489,"[""2"", ""▁+"", ""▁"", ""2"", ""▁="", ""▁"", ""4""]","{""approx"":false,""count"":28489,""latency"":0.8862018585205078,""token_ids"":[29906,718,29871,29906,353,29871,29946],""tokens"":[""2"",""\u2581+"",""\u2581"",""2"",""\u2581="",""\u2581"",""4""]}
",
4,double_prefix,2.0,2.0,2 + 2 =,"{""index"": ""v4_dolma-v1_7_llama"", ""query_type"": ""count"", ""query"": ""2 + 2 =""}",1,200,64946,"[""2"", ""▁+"", ""▁"", ""2"", ""▁=""]","{""approx"":false,""count"":64946,""latency"":0.8742809295654297,""token_ids"":[29906,718,29871,29906,353],""tokens"":[""2"",""\u2581+"",""\u2581"",""2"",""\u2581=""]}
",
4,control_joint,1.0,3.0,1 + 3 = 4,"{""index"": ""v4_dolma-v1_7_llama"", ""query_type"": ""count"", ""query"": ""1 + 3 = 4""}",1,200,4994,"[""1"", ""▁+"", ""▁"", ""3"", ""▁="", ""▁"", ""4""]","{""approx"":false,""count"":4994,""latency"":0.8368492126464844,""token_ids"":[29896,718,29871,29941,353,29871,29946],""tokens"":[""1"",""\u2581+"",""\u2581"",""3"",""\u2581="",""\u2581"",""4""]}
",
4,control_prefix,1.0,3.0,1 + 3 =,"{""index"": ""v4_dolma-v1_7_llama"", ""query_type"": ""count"", ""query"": ""1 + 3 =""}",1,200,9023,"[""1"", ""▁+"", ""▁"", ""3"", ""▁=""]","{""approx"":false,""count"":9023,""latency"":1.0318756103515625,""token_ids"":[29896,718,29871,29941,353],""tokens"":[""1"",""\u2581+"",""\u2581"",""3"",""\u2581=""]}
",
4,control_joint,3.0,1.0,3 + 1 = 4,"{""index"": ""v4_dolma-v1_7_llama"", ""query_type"": ""count"", ""query"": ""3 + 1 = 4""}",1,200,3616,"[""3"", ""▁+"", ""▁"", ""1"", ""▁="", ""▁"", ""4""]","{""approx"":false,""count"":3616,""latency"":0.7474422454833984,""token_ids"":[29941,718,29871,29896,353,29871,29946],""tokens"":[""3"",""\u2581+"",""\u2581"",""1"",""\u2581="",""\u2581"",""4""]}
",
4,control_prefix,3.0,1.0,3 + 1 =,"{""index"": ""v4_dolma-v1_7_llama"", ""query_type"": ""count"", ""query"": ""3 + 1 =""}",1,200,12502,"[""3"", ""▁+"", ""▁"", ""1"", ""▁=""]","{""approx"":false,""count"":12502,""latency"":0.7328987121582031,""token_ids"":[29941,718,29871,29896,353],""tokens"":[""3"",""\u2581+"",""\u2581"",""1"",""\u2581=""]}
",
6,double_joint,3.0,3.0,3 + 3 = 6,"{""index"": ""v4_dolma-v1_7_llama"", ""query_type"": ""count"", ""query"": ""3 + 3 = 6""}",1,200,5076,"[""3"", ""▁+"", ""▁"", ""3"", ""▁="", ""▁"", ""6""]","{""approx"":false,""count"":5076,""latency"":0.782012939453125,""token_ids"":[29941,718,29871,29941,353,29871,29953],""tokens"":[""3"",""\u2581+"",""\u2581"",""3"",""\u2581="",""\u2581"",""6""]}
",
6,double_prefix,3.0,3.0,3 + 3 =,"{""index"": ""v4_dolma-v1_7_llama"", ""query_type"": ""count"", ""query"": ""3 + 3 =""}",1,200,11432,"[""3"", ""▁+"", ""▁"", ""3"", ""▁=""]","{""approx"":false,""count"":11432,""latency"":0.8981227874755859,""token_ids"":[29941,718,29871,29941,353],""tokens"":[""3"",""\u2581+"",""\u2581"",""3"",""\u2581=""]}
",
6,control_joint,1.0,5.0,1 + 5 = 6,"{""index"": ""v4_dolma-v1_7_llama"", ""query_type"": ""count"", ""query"": ""1 + 5 = 6""}",1,200,2009,"[""1"", ""▁+"", ""▁"", ""5"", ""▁="", ""▁"", ""6""]","{""approx"":false,""count"":2009,""latency"":0.7469654083251953,""token_ids"":[29896,718,29871,29945,353,29871,29953],""tokens"":[""1"",""\u2581+"",""\u2581"",""5"",""\u2581="",""\u2581"",""6""]}
",
6,control_prefix,1.0,5.0,1 + 5 =,"{""index"": ""v4_dolma-v1_7_llama"", ""query_type"": ""count"", ""query"": ""1 + 5 =""}",1,200,4803,"[""1"", ""▁+"", ""▁"", ""5"", ""▁=""]","{""approx"":false,""count"":4803,""latency"":0.7500648498535156,""token_ids"":[29896,718,29871,29945,353],""tokens"":[""1"",""\u2581+"",""\u2581"",""5"",""\u2581=""]}
",
6,control_joint,2.0,4.0,2 + 4 = 6,"{""index"": ""v4_dolma-v1_7_llama"", ""query_type"": ""count"", ""query"": ""2 + 4 = 6""}",1,200,3321,"[""2"", ""▁+"", ""▁"", ""4"", ""▁="", ""▁"", ""6""]","{""approx"":false,""count"":3321,""latency"":0.766754150390625,""token_ids"":[29906,718,29871,29946,353,29871,29953],""tokens"":[""2"",""\u2581+"",""\u2581"",""4"",""\u2581="",""\u2581"",""6""]}
",
6,control_prefix,2.0,4.0,2 + 4 =,"{""index"": ""v4_dolma-v1_7_llama"", ""query_type"": ""count"", ""query"": ""2 + 4 =""}",1,200,9991,"[""2"", ""▁+"", ""▁"", ""4"", ""▁=""]","{""approx"":false,""count"":9991,""latency"":0.7300376892089844,""token_ids"":[29906,718,29871,29946,353],""tokens"":[""2"",""\u2581+"",""\u2581"",""4"",""\u2581=""]}
",
6,control_joint,4.0,2.0,4 + 2 = 6,"{""index"": ""v4_dolma-v1_7_llama"", ""query_type"": ""count"", ""query"": ""4 + 2 = 6""}",1,200,2675,"[""4"", ""▁+"", ""▁"", ""2"", ""▁="", ""▁"", ""6""]","{""approx"":false,""count"":2675,""latency"":0.7712841033935547,""token_ids"":[29946,718,29871,29906,353,29871,29953],""tokens"":[""4"",""\u2581+"",""\u2581"",""2"",""\u2581="",""\u2581"",""6""]}
",
6,control_prefix,4.0,2.0,4 + 2 =,"{""index"": ""v4_dolma-v1_7_llama"", ""query_type"": ""count"", ""query"": ""4 + 2 =""}",1,200,7669,"[""4"", ""▁+"", ""▁"", ""2"", ""▁=""]","{""approx"":false,""count"":7669,""latency"":0.7867813110351562,""token_ids"":[29946,718,29871,29906,353],""tokens"":[""4"",""\u2581+"",""\u2581"",""2"",""\u2581=""]}
",
6,control_joint,5.0,1.0,5 + 1 = 6,"{""index"": ""v4_dolma-v1_7_llama"", ""query_type"": ""count"", ""query"": ""5 + 1 = 6""}",1,200,2022,"[""5"", ""▁+"", ""▁"", ""1"", ""▁="", ""▁"", ""6""]","{""approx"":false,""count"":2022,""latency"":0.8625984191894531,""token_ids"":[29945,718,29871,29896,353,29871,29953],""tokens"":[""5"",""\u2581+"",""\u2581"",""1"",""\u2581="",""\u2581"",""6""]}
",
6,control_prefix,5.0,1.0,5 + 1 =,"{""index"": ""v4_dolma-v1_7_llama"", ""query_type"": ""count"", ""query"": ""5 + 1 =""}",1,200,8184,"[""5"", ""▁+"", ""▁"", ""1"", ""▁=""]","{""approx"":false,""count"":8184,""latency"":0.7708072662353516,""token_ids"":[29945,718,29871,29896,353],""tokens"":[""5"",""\u2581+"",""\u2581"",""1"",""\u2581=""]}
",
8,double_joint,4.0,4.0,4 + 4 = 8,"{""index"": ""v4_dolma-v1_7_llama"", ""query_type"": ""count"", ""query"": ""4 + 4 = 8""}",1,200,3191,"[""4"", ""▁+"", ""▁"", ""4"", ""▁="", ""▁"", ""8""]","{""approx"":false,""count"":3191,""latency"":0.7812976837158203,""token_ids"":[29946,718,29871,29946,353,29871,29947],""tokens"":[""4"",""\u2581+"",""\u2581"",""4"",""\u2581="",""\u2581"",""8""]}
",
8,double_prefix,4.0,4.0,4 + 4 =,"{""index"": ""v4_dolma-v1_7_llama"", ""query_type"": ""count"", ""query"": ""4 + 4 =""}",1,200,9251,"[""4"", ""▁+"", ""▁"", ""4"", ""▁=""]","{""approx"":false,""count"":9251,""latency"":0.7767677307128906,""token_ids"":[29946,718,29871,29946,353],""tokens"":[""4"",""\u2581+"",""\u2581"",""4"",""\u2581=""]}
",
8,control_joint,1.0,7.0,1 + 7 = 8,"{""index"": ""v4_dolma-v1_7_llama"", ""query_type"": ""count"", ""query"": ""1 + 7 = 8""}",1,200,1149,"[""1"", ""▁+"", ""▁"", ""7"", ""▁="", ""▁"", ""8""]","{""approx"":false,""count"":1149,""latency"":0.7498264312744141,""token_ids"":[29896,718,29871,29955,353,29871,29947],""tokens"":[""1"",""\u2581+"",""\u2581"",""7"",""\u2581="",""\u2581"",""8""]}
",
8,control_prefix,1.0,7.0,1 + 7 =,"{""index"": ""v4_dolma-v1_7_llama"", ""query_type"": ""count"", ""query"": ""1 + 7 =""}",1,200,3143,"[""1"", ""▁+"", ""▁"", ""7"", ""▁=""]","{""approx"":false,""count"":3143,""latency"":0.8037090301513672,""token_ids"":[29896,718,29871,29955,353],""tokens"":[""1"",""\u2581+"",""\u2581"",""7"",""\u2581=""]}
",
8,control_joint,2.0,6.0,2 + 6 = 8,"{""index"": ""v4_dolma-v1_7_llama"", ""query_type"": ""count"", ""query"": ""2 + 6 = 8""}",1,200,1648,"[""2"", ""▁+"", ""▁"", ""6"", ""▁="", ""▁"", ""8""]","{""approx"":false,""count"":1648,""latency"":0.7517337799072266,""token_ids"":[29906,718,29871,29953,353,29871,29947],""tokens"":[""2"",""\u2581+"",""\u2581"",""6"",""\u2581="",""\u2581"",""8""]}
",
8,control_prefix,2.0,6.0,2 + 6 =,"{""index"": ""v4_dolma-v1_7_llama"", ""query_type"": ""count"", ""query"": ""2 + 6 =""}",1,200,5426,"[""2"", ""▁+"", ""▁"", ""6"", ""▁=""]","{""approx"":false,""count"":5426,""latency"":0.9152889251708984,""token_ids"":[29906,718,29871,29953,353],""tokens"":[""2"",""\u2581+"",""\u2581"",""6"",""\u2581=""]}
",
8,control_joint,3.0,5.0,3 + 5 = 8,"{""index"": ""v4_dolma-v1_7_llama"", ""query_type"": ""count"", ""query"": ""3 + 5 = 8""}",1,200,3410,"[""3"", ""▁+"", ""▁"", ""5"", ""▁="", ""▁"", ""8""]","{""approx"":false,""count"":3410,""latency"":1.1692047119140625,""token_ids"":[29941,718,29871,29945,353,29871,29947],""tokens"":[""3"",""\u2581+"",""\u2581"",""5"",""\u2581="",""\u2581"",""8""]}
",
8,control_prefix,3.0,5.0,3 + 5 =,"{""index"": ""v4_dolma-v1_7_llama"", ""query_type"": ""count"", ""query"": ""3 + 5 =""}",1,200,7487,"[""3"", ""▁+"", ""▁"", ""5"", ""▁=""]","{""approx"":false,""count"":7487,""latency"":0.7827281951904297,""token_ids"":[29941,718,29871,29945,353],""tokens"":[""3"",""\u2581+"",""\u2581"",""5"",""\u2581=""]}
",
8,control_joint,5.0,3.0,5 + 3 = 8,"{""index"": ""v4_dolma-v1_7_llama"", ""query_type"": ""count"", ""query"": ""5 + 3 = 8""}",1,200,2732,"[""5"", ""▁+"", ""▁"", ""3"", ""▁="", ""▁"", ""8""]","{""approx"":false,""count"":2732,""latency"":0.8764266967773438,""token_ids"":[29945,718,29871,29941,353,29871,29947],""tokens"":[""5"",""\u2581+"",""\u2581"",""3"",""\u2581="",""\u2581"",""8""]}
",
8,control_prefix,5.0,3.0,5 + 3 =,"{""index"": ""v4_dolma-v1_7_llama"", ""query_type"": ""count"", ""query"": ""5 + 3 =""}",1,200,6321,"[""5"", ""▁+"", ""▁"", ""3"", ""▁=""]","{""approx"":false,""count"":6321,""latency"":0.7622241973876953,""token_ids"":[29945,718,29871,29941,353],""tokens"":[""5"",""\u2581+"",""\u2581"",""3"",""\u2581=""]}
",
8,control_joint,6.0,2.0,6 + 2 = 8,"{""index"": ""v4_dolma-v1_7_llama"", ""query_type"": ""count"", ""query"": ""6 + 2 = 8""}",1,200,1608,"[""6"", ""▁+"", ""▁"", ""2"", ""▁="", ""▁"", ""8""]","{""approx"":false,""count"":1608,""latency"":0.7741451263427734,""token_ids"":[29953,718,29871,29906,353,29871,29947],""tokens"":[""6"",""\u2581+"",""\u2581"",""2"",""\u2581="",""\u2581"",""8""]}
",
8,control_prefix,6.0,2.0,6 + 2 =,"{""index"": ""v4_dolma-v1_7_llama"", ""query_type"": ""count"", ""query"": ""6 + 2 =""}",1,200,4743,"[""6"", ""▁+"", ""▁"", ""2"", ""▁=""]","{""approx"":false,""count"":4743,""latency"":0.8220672607421875,""token_ids"":[29953,718,29871,29906,353],""tokens"":[""6"",""\u2581+"",""\u2581"",""2"",""\u2581=""]}
",
8,control_joint,7.0,1.0,7 + 1 = 8,"{""index"": ""v4_dolma-v1_7_llama"", ""query_type"": ""count"", ""query"": ""7 + 1 = 8""}",1,200,896,"[""7"", ""▁+"", ""▁"", ""1"", ""▁="", ""▁"", ""8""]","{""approx"":false,""count"":896,""latency"":0.7851123809814453,""token_ids"":[29955,718,29871,29896,353,29871,29947],""tokens"":[""7"",""\u2581+"",""\u2581"",""1"",""\u2581="",""\u2581"",""8""]}
",
8,control_prefix,7.0,1.0,7 + 1 =,"{""index"": ""v4_dolma-v1_7_llama"", ""query_type"": ""count"", ""query"": ""7 + 1 =""}",1,200,3788,"[""7"", ""▁+"", ""▁"", ""1"", ""▁=""]","{""approx"":false,""count"":3788,""latency"":0.7905960083007812,""token_ids"":[29955,718,29871,29896,353],""tokens"":[""7"",""\u2581+"",""\u2581"",""1"",""\u2581=""]}
",
10,double_joint,5.0,5.0,5 + 5 = 10,"{""index"": ""v4_dolma-v1_7_llama"", ""query_type"": ""count"", ""query"": ""5 + 5 = 10""}",1,200,3812,"[""5"", ""▁+"", ""▁"", ""5"", ""▁="", ""▁"", ""1"", ""0""]","{""approx"":false,""count"":3812,""latency"":0.7364749908447266,""token_ids"":[29945,718,29871,29945,353,29871,29896,29900],""tokens"":[""5"",""\u2581+"",""\u2581"",""5"",""\u2581="",""\u2581"",""1"",""0""]}
",
10,double_prefix,5.0,5.0,5 + 5 =,"{""index"": ""v4_dolma-v1_7_llama"", ""query_type"": ""count"", ""query"": ""5 + 5 =""}",1,200,9848,"[""5"", ""▁+"", ""▁"", ""5"", ""▁=""]","{""approx"":false,""count"":9848,""latency"":0.8225440979003906,""token_ids"":[29945,718,29871,29945,353],""tokens"":[""5"",""\u2581+"",""\u2581"",""5"",""\u2581=""]}
",
10,control_joint,1.0,9.0,1 + 9 = 10,"{""index"": ""v4_dolma-v1_7_llama"", ""query_type"": ""count"", ""query"": ""1 + 9 = 10""}",1,200,1165,"[""1"", ""▁+"", ""▁"", ""9"", ""▁="", ""▁"", ""1"", ""0""]","{""approx"":false,""count"":1165,""latency"":0.7495880126953125,""token_ids"":[29896,718,29871,29929,353,29871,29896,29900],""tokens"":[""1"",""\u2581+"",""\u2581"",""9"",""\u2581="",""\u2581"",""1"",""0""]}
",
10,control_prefix,1.0,9.0,1 + 9 =,"{""index"": ""v4_dolma-v1_7_llama"", ""query_type"": ""count"", ""query"": ""1 + 9 =""}",1,200,2798,"[""1"", ""▁+"", ""▁"", ""9"", ""▁=""]","{""approx"":false,""count"":2798,""latency"":0.7655620574951172,""token_ids"":[29896,718,29871,29929,353],""tokens"":[""1"",""\u2581+"",""\u2581"",""9"",""\u2581=""]}
",
10,control_joint,2.0,8.0,2 + 8 = 10,"{""index"": ""v4_dolma-v1_7_llama"", ""query_type"": ""count"", ""query"": ""2 + 8 = 10""}",1,200,1299,"[""2"", ""▁+"", ""▁"", ""8"", ""▁="", ""▁"", ""1"", ""0""]","{""approx"":false,""count"":1299,""latency"":0.7491111755371094,""token_ids"":[29906,718,29871,29947,353,29871,29896,29900],""tokens"":[""2"",""\u2581+"",""\u2581"",""8"",""\u2581="",""\u2581"",""1"",""0""]}
",
10,control_prefix,2.0,8.0,2 + 8 =,"{""index"": ""v4_dolma-v1_7_llama"", ""query_type"": ""count"", ""query"": ""2 + 8 =""}",1,200,4471,"[""2"", ""▁+"", ""▁"", ""8"", ""▁=""]","{""approx"":false,""count"":4471,""latency"":0.75531005859375,""token_ids"":[29906,718,29871,29947,353],""tokens"":[""2"",""\u2581+"",""\u2581"",""8"",""\u2581=""]}
",
10,control_joint,3.0,7.0,3 + 7 = 10,"{""index"": ""v4_dolma-v1_7_llama"", ""query_type"": ""count"", ""query"": ""3 + 7 = 10""}",1,200,1538,"[""3"", ""▁+"", ""▁"", ""7"", ""▁="", ""▁"", ""1"", ""0""]","{""approx"":false,""count"":1538,""latency"":0.8039474487304688,""token_ids"":[29941,718,29871,29955,353,29871,29896,29900],""tokens"":[""3"",""\u2581+"",""\u2581"",""7"",""\u2581="",""\u2581"",""1"",""0""]}
",
10,control_prefix,3.0,7.0,3 + 7 =,"{""index"": ""v4_dolma-v1_7_llama"", ""query_type"": ""count"", ""query"": ""3 + 7 =""}",1,200,3766,"[""3"", ""▁+"", ""▁"", ""7"", ""▁=""]","{""approx"":false,""count"":3766,""latency"":0.8027553558349609,""token_ids"":[29941,718,29871,29955,353],""tokens"":[""3"",""\u2581+"",""\u2581"",""7"",""\u2581=""]}
",
10,control_joint,4.0,6.0,4 + 6 = 10,"{""index"": ""v4_dolma-v1_7_llama"", ""query_type"": ""count"", ""query"": ""4 + 6 = 10""}",1,200,1639,"[""4"", ""▁+"", ""▁"", ""6"", ""▁="", ""▁"", ""1"", ""0""]","{""approx"":false,""count"":1639,""latency"":0.7755756378173828,""token_ids"":[29946,718,29871,29953,353,29871,29896,29900],""tokens"":[""4"",""\u2581+"",""\u2581"",""6"",""\u2581="",""\u2581"",""1"",""0""]}
",
10,control_prefix,4.0,6.0,4 + 6 =,"{""index"": ""v4_dolma-v1_7_llama"", ""query_type"": ""count"", ""query"": ""4 + 6 =""}",1,200,5395,"[""4"", ""▁+"", ""▁"", ""6"", ""▁=""]","{""approx"":false,""count"":5395,""latency"":0.7386207580566406,""token_ids"":[29946,718,29871,29953,353],""tokens"":[""4"",""\u2581+"",""\u2581"",""6"",""\u2581=""]}
",
10,control_joint,6.0,4.0,6 + 4 = 10,"{""index"": ""v4_dolma-v1_7_llama"", ""query_type"": ""count"", ""query"": ""6 + 4 = 10""}",1,200,1791,"[""6"", ""▁+"", ""▁"", ""4"", ""▁="", ""▁"", ""1"", ""0""]","{""approx"":false,""count"":1791,""latency"":0.8363723754882812,""token_ids"":[29953,718,29871,29946,353,29871,29896,29900],""tokens"":[""6"",""\u2581+"",""\u2581"",""4"",""\u2581="",""\u2581"",""1"",""0""]}
",
10,control_prefix,6.0,4.0,6 + 4 =,"{""index"": ""v4_dolma-v1_7_llama"", ""query_type"": ""count"", ""query"": ""6 + 4 =""}",1,200,5179,"[""6"", ""▁+"", ""▁"", ""4"", ""▁=""]","{""approx"":false,""count"":5179,""latency"":0.8130073547363281,""token_ids"":[29953,718,29871,29946,353],""tokens"":[""6"",""\u2581+"",""\u2581"",""4"",""\u2581=""]}
",
10,control_joint,7.0,3.0,7 + 3 = 10,"{""index"": ""v4_dolma-v1_7_llama"", ""query_type"": ""count"", ""query"": ""7 + 3 = 10""}",1,200,1324,"[""7"", ""▁+"", ""▁"", ""3"", ""▁="", ""▁"", ""1"", ""0""]","{""approx"":false,""count"":1324,""latency"":0.7314682006835938,""token_ids"":[29955,718,29871,29941,353,29871,29896,29900],""tokens"":[""7"",""\u2581+"",""\u2581"",""3"",""\u2581="",""\u2581"",""1"",""0""]}
",
10,control_prefix,7.0,3.0,7 + 3 =,"{""index"": ""v4_dolma-v1_7_llama"", ""query_type"": ""count"", ""query"": ""7 + 3 =""}",1,200,3500,"[""7"", ""▁+"", ""▁"", ""3"", ""▁=""]","{""approx"":false,""count"":3500,""latency"":0.7607936859130859,""token_ids"":[29955,718,29871,29941,353],""tokens"":[""7"",""\u2581+"",""\u2581"",""3"",""\u2581=""]}
",
10,control_joint,8.0,2.0,8 + 2 = 10,"{""index"": ""v4_dolma-v1_7_llama"", ""query_type"": ""count"", ""query"": ""8 + 2 = 10""}",1,200,1488,"[""8"", ""▁+"", ""▁"", ""2"", ""▁="", ""▁"", ""1"", ""0""]","{""approx"":false,""count"":1488,""latency"":0.9360313415527344,""token_ids"":[29947,718,29871,29906,353,29871,29896,29900],""tokens"":[""8"",""\u2581+"",""\u2581"",""2"",""\u2581="",""\u2581"",""1"",""0""]}
",
10,control_prefix,8.0,2.0,8 + 2 =,"{""index"": ""v4_dolma-v1_7_llama"", ""query_type"": ""count"", ""query"": ""8 + 2 =""}",1,200,4386,"[""8"", ""▁+"", ""▁"", ""2"", ""▁=""]","{""approx"":false,""count"":4386,""latency"":0.7612705230712891,""token_ids"":[29947,718,29871,29906,353],""tokens"":[""8"",""\u2581+"",""\u2581"",""2"",""\u2581=""]}
",
10,control_joint,9.0,1.0,9 + 1 = 10,"{""index"": ""v4_dolma-v1_7_llama"", ""query_type"": ""count"", ""query"": ""9 + 1 = 10""}",1,200,1683,"[""9"", ""▁+"", ""▁"", ""1"", ""▁="", ""▁"", ""1"", ""0""]","{""approx"":false,""count"":1683,""latency"":0.8423328399658203,""token_ids"":[29929,718,29871,29896,353,29871,29896,29900],""tokens"":[""9"",""\u2581+"",""\u2581"",""1"",""\u2581="",""\u2581"",""1"",""0""]}
",
10,control_prefix,9.0,1.0,9 + 1 =,"{""index"": ""v4_dolma-v1_7_llama"", ""query_type"": ""count"", ""query"": ""9 + 1 =""}",1,200,5420,"[""9"", ""▁+"", ""▁"", ""1"", ""▁=""]","{""approx"":false,""count"":5420,""latency"":0.7836818695068359,""token_ids"":[29929,718,29871,29896,353],""tokens"":[""9"",""\u2581+"",""\u2581"",""1"",""\u2581=""]}
",
12,double_joint,6.0,6.0,6 + 6 = 12,"{""index"": ""v4_dolma-v1_7_llama"", ""query_type"": ""count"", ""query"": ""6 + 6 = 12""}",1,200,1547,"[""6"", ""▁+"", ""▁"", ""6"", ""▁="", ""▁"", ""1"", ""2""]","{""approx"":false,""count"":1547,""latency"":0.8368492126464844,""token_ids"":[29953,718,29871,29953,353,29871,29896,29906],""tokens"":[""6"",""\u2581+"",""\u2581"",""6"",""\u2581="",""\u2581"",""1"",""2""]}
",
12,double_prefix,6.0,6.0,6 + 6 =,"{""index"": ""v4_dolma-v1_7_llama"", ""query_type"": ""count"", ""query"": ""6 + 6 =""}",1,200,5074,"[""6"", ""▁+"", ""▁"", ""6"", ""▁=""]","{""approx"":false,""count"":5074,""latency"":0.8654594421386719,""token_ids"":[29953,718,29871,29953,353],""tokens"":[""6"",""\u2581+"",""\u2581"",""6"",""\u2581=""]}
",
12,control_joint,3.0,9.0,3 + 9 = 12,"{""index"": ""v4_dolma-v1_7_llama"", ""query_type"": ""count"", ""query"": ""3 + 9 = 12""}",1,200,696,"[""3"", ""▁+"", ""▁"", ""9"", ""▁="", ""▁"", ""1"", ""2""]","{""approx"":false,""count"":696,""latency"":0.843048095703125,""token_ids"":[29941,718,29871,29929,353,29871,29896,29906],""tokens"":[""3"",""\u2581+"",""\u2581"",""9"",""\u2581="",""\u2581"",""1"",""2""]}
",
12,control_prefix,3.0,9.0,3 + 9 =,"{""index"": ""v4_dolma-v1_7_llama"", ""query_type"": ""count"", ""query"": ""3 + 9 =""}",1,200,2155,"[""3"", ""▁+"", ""▁"", ""9"", ""▁=""]","{""approx"":false,""count"":2155,""latency"":0.8840560913085938,""token_ids"":[29941,718,29871,29929,353],""tokens"":[""3"",""\u2581+"",""\u2581"",""9"",""\u2581=""]}
",
12,control_joint,4.0,8.0,4 + 8 = 12,"{""index"": ""v4_dolma-v1_7_llama"", ""query_type"": ""count"", ""query"": ""4 + 8 = 12""}",1,200,928,"[""4"", ""▁+"", ""▁"", ""8"", ""▁="", ""▁"", ""1"", ""2""]","{""approx"":false,""count"":928,""latency"":0.8046627044677734,""token_ids"":[29946,718,29871,29947,353,29871,29896,29906],""tokens"":[""4"",""\u2581+"",""\u2581"",""8"",""\u2581="",""\u2581"",""1"",""2""]}
",
12,control_prefix,4.0,8.0,4 + 8 =,"{""index"": ""v4_dolma-v1_7_llama"", ""query_type"": ""count"", ""query"": ""4 + 8 =""}",1,200,3680,"[""4"", ""▁+"", ""▁"", ""8"", ""▁=""]","{""approx"":false,""count"":3680,""latency"":0.7824897766113281,""token_ids"":[29946,718,29871,29947,353],""tokens"":[""4"",""\u2581+"",""\u2581"",""8"",""\u2581=""]}
",
12,control_joint,5.0,7.0,5 + 7 = 12,"{""index"": ""v4_dolma-v1_7_llama"", ""query_type"": ""count"", ""query"": ""5 + 7 = 12""}",1,200,1583,"[""5"", ""▁+"", ""▁"", ""7"", ""▁="", ""▁"", ""1"", ""2""]","{""approx"":false,""count"":1583,""latency"":0.9021759033203125,""token_ids"":[29945,718,29871,29955,353,29871,29896,29906],""tokens"":[""5"",""\u2581+"",""\u2581"",""7"",""\u2581="",""\u2581"",""1"",""2""]}
",
12,control_prefix,5.0,7.0,5 + 7 =,"{""index"": ""v4_dolma-v1_7_llama"", ""query_type"": ""count"", ""query"": ""5 + 7 =""}",1,200,5477,"[""5"", ""▁+"", ""▁"", ""7"", ""▁=""]","{""approx"":false,""count"":5477,""latency"":0.7297992706298828,""token_ids"":[29945,718,29871,29955,353],""tokens"":[""5"",""\u2581+"",""\u2581"",""7"",""\u2581=""]}
",
12,control_joint,7.0,5.0,7 + 5 = 12,"{""index"": ""v4_dolma-v1_7_llama"", ""query_type"": ""count"", ""query"": ""7 + 5 = 12""}",1,200,1731,"[""7"", ""▁+"", ""▁"", ""5"", ""▁="", ""▁"", ""1"", ""2""]","{""approx"":false,""count"":1731,""latency"":0.7302761077880859,""token_ids"":[29955,718,29871,29945,353,29871,29896,29906],""tokens"":[""7"",""\u2581+"",""\u2581"",""5"",""\u2581="",""\u2581"",""1"",""2""]}
",
12,control_prefix,7.0,5.0,7 + 5 =,"{""index"": ""v4_dolma-v1_7_llama"", ""query_type"": ""count"", ""query"": ""7 + 5 =""}",1,200,3650,"[""7"", ""▁+"", ""▁"", ""5"", ""▁=""]","{""approx"":false,""count"":3650,""latency"":0.7908344268798828,""token_ids"":[29955,718,29871,29945,353],""tokens"":[""7"",""\u2581+"",""\u2581"",""5"",""\u2581=""]}
",
12,control_joint,8.0,4.0,8 + 4 = 12,"{""index"": ""v4_dolma-v1_7_llama"", ""query_type"": ""count"", ""query"": ""8 + 4 = 12""}",1,200,1319,"[""8"", ""▁+"", ""▁"", ""4"", ""▁="", ""▁"", ""1"", ""2""]","{""approx"":false,""count"":1319,""latency"":0.8211135864257812,""token_ids"":[29947,718,29871,29946,353,29871,29896,29906],""tokens"":[""8"",""\u2581+"",""\u2581"",""4"",""\u2581="",""\u2581"",""1"",""2""]}
",
12,control_prefix,8.0,4.0,8 + 4 =,"{""index"": ""v4_dolma-v1_7_llama"", ""query_type"": ""count"", ""query"": ""8 + 4 =""}",1,200,3962,"[""8"", ""▁+"", ""▁"", ""4"", ""▁=""]","{""approx"":false,""count"":3962,""latency"":0.7660388946533203,""token_ids"":[29947,718,29871,29946,353],""tokens"":[""8"",""\u2581+"",""\u2581"",""4"",""\u2581=""]}
",
12,control_joint,9.0,3.0,9 + 3 = 12,"{""index"": ""v4_dolma-v1_7_llama"", ""query_type"": ""count"", ""query"": ""9 + 3 = 12""}",1,200,650,"[""9"", ""▁+"", ""▁"", ""3"", ""▁="", ""▁"", ""1"", ""2""]","{""approx"":false,""count"":650,""latency"":0.8959770202636719,""token_ids"":[29929,718,29871,29941,353,29871,29896,29906],""tokens"":[""9"",""\u2581+"",""\u2581"",""3"",""\u2581="",""\u2581"",""1"",""2""]}
",
12,control_prefix,9.0,3.0,9 + 3 =,"{""index"": ""v4_dolma-v1_7_llama"", ""query_type"": ""count"", ""query"": ""9 + 3 =""}",1,200,2179,"[""9"", ""▁+"", ""▁"", ""3"", ""▁=""]","{""approx"":false,""count"":2179,""latency"":0.7634162902832031,""token_ids"":[29929,718,29871,29941,353],""tokens"":[""9"",""\u2581+"",""\u2581"",""3"",""\u2581=""]}
",
14,double_joint,7.0,7.0,7 + 7 = 14,"{""index"": ""v4_dolma-v1_7_llama"", ""query_type"": ""count"", ""query"": ""7 + 7 = 14""}",1,200,854,"[""7"", ""▁+"", ""▁"", ""7"", ""▁="", ""▁"", ""1"", ""4""]","{""approx"":false,""count"":854,""latency"":1.049041748046875,""token_ids"":[29955,718,29871,29955,353,29871,29896,29946],""tokens"":[""7"",""\u2581+"",""\u2581"",""7"",""\u2581="",""\u2581"",""1"",""4""]}
",
14,double_prefix,7.0,7.0,7 + 7 =,"{""index"": ""v4_dolma-v1_7_llama"", ""query_type"": ""count"", ""query"": ""7 + 7 =""}",1,200,2759,"[""7"", ""▁+"", ""▁"", ""7"", ""▁=""]","{""approx"":false,""count"":2759,""latency"":0.7851123809814453,""token_ids"":[29955,718,29871,29955,353],""tokens"":[""7"",""\u2581+"",""\u2581"",""7"",""\u2581=""]}
",
14,control_joint,5.0,9.0,5 + 9 = 14,"{""index"": ""v4_dolma-v1_7_llama"", ""query_type"": ""count"", ""query"": ""5 + 9 = 14""}",1,200,670,"[""5"", ""▁+"", ""▁"", ""9"", ""▁="", ""▁"", ""1"", ""4""]","{""approx"":false,""count"":670,""latency"":0.7777214050292969,""token_ids"":[29945,718,29871,29929,353,29871,29896,29946],""tokens"":[""5"",""\u2581+"",""\u2581"",""9"",""\u2581="",""\u2581"",""1"",""4""]}
",
14,control_prefix,5.0,9.0,5 + 9 =,"{""index"": ""v4_dolma-v1_7_llama"", ""query_type"": ""count"", ""query"": ""5 + 9 =""}",1,200,2533,"[""5"", ""▁+"", ""▁"", ""9"", ""▁=""]","{""approx"":false,""count"":2533,""latency"":0.7290840148925781,""token_ids"":[29945,718,29871,29929,353],""tokens"":[""5"",""\u2581+"",""\u2581"",""9"",""\u2581=""]}
",
14,control_joint,6.0,8.0,6 + 8 = 14,"{""index"": ""v4_dolma-v1_7_llama"", ""query_type"": ""count"", ""query"": ""6 + 8 = 14""}",1,200,694,"[""6"", ""▁+"", ""▁"", ""8"", ""▁="", ""▁"", ""1"", ""4""]","{""approx"":false,""count"":694,""latency"":0.8127689361572266,""token_ids"":[29953,718,29871,29947,353,29871,29896,29946],""tokens"":[""6"",""\u2581+"",""\u2581"",""8"",""\u2581="",""\u2581"",""1"",""4""]}
",
14,control_prefix,6.0,8.0,6 + 8 =,"{""index"": ""v4_dolma-v1_7_llama"", ""query_type"": ""count"", ""query"": ""6 + 8 =""}",1,200,3502,"[""6"", ""▁+"", ""▁"", ""8"", ""▁=""]","{""approx"":false,""count"":3502,""latency"":0.7221698760986328,""token_ids"":[29953,718,29871,29947,353],""tokens"":[""6"",""\u2581+"",""\u2581"",""8"",""\u2581=""]}
",
14,control_joint,8.0,6.0,8 + 6 = 14,"{""index"": ""v4_dolma-v1_7_llama"", ""query_type"": ""count"", ""query"": ""8 + 6 = 14""}",1,200,794,"[""8"", ""▁+"", ""▁"", ""6"", ""▁="", ""▁"", ""1"", ""4""]","{""approx"":false,""count"":794,""latency"":0.8168220520019531,""token_ids"":[29947,718,29871,29953,353,29871,29896,29946],""tokens"":[""8"",""\u2581+"",""\u2581"",""6"",""\u2581="",""\u2581"",""1"",""4""]}
",
14,control_prefix,8.0,6.0,8 + 6 =,"{""index"": ""v4_dolma-v1_7_llama"", ""query_type"": ""count"", ""query"": ""8 + 6 =""}",1,200,2871,"[""8"", ""▁+"", ""▁"", ""6"", ""▁=""]","{""approx"":false,""count"":2871,""latency"":0.7660388946533203,""token_ids"":[29947,718,29871,29953,353],""tokens"":[""8"",""\u2581+"",""\u2581"",""6"",""\u2581=""]}
",
14,control_joint,9.0,5.0,9 + 5 = 14,"{""index"": ""v4_dolma-v1_7_llama"", ""query_type"": ""count"", ""query"": ""9 + 5 = 14""}",1,200,628,"[""9"", ""▁+"", ""▁"", ""5"", ""▁="", ""▁"", ""1"", ""4""]","{""approx"":false,""count"":628,""latency"":0.7195472717285156,""token_ids"":[29929,718,29871,29945,353,29871,29896,29946],""tokens"":[""9"",""\u2581+"",""\u2581"",""5"",""\u2581="",""\u2581"",""1"",""4""]}
",
14,control_prefix,9.0,5.0,9 + 5 =,"{""index"": ""v4_dolma-v1_7_llama"", ""query_type"": ""count"", ""query"": ""9 + 5 =""}",1,200,1908,"[""9"", ""▁+"", ""▁"", ""5"", ""▁=""]","{""approx"":false,""count"":1908,""latency"":0.7748603820800781,""token_ids"":[29929,718,29871,29945,353],""tokens"":[""9"",""\u2581+"",""\u2581"",""5"",""\u2581=""]}
",
16,double_joint,8.0,8.0,8 + 8 = 16,"{""index"": ""v4_dolma-v1_7_llama"", ""query_type"": ""count"", ""query"": ""8 + 8 = 16""}",1,200,1083,"[""8"", ""▁+"", ""▁"", ""8"", ""▁="", ""▁"", ""1"", ""6""]","{""approx"":false,""count"":1083,""latency"":0.8223056793212891,""token_ids"":[29947,718,29871,29947,353,29871,29896,29953],""tokens"":[""8"",""\u2581+"",""\u2581"",""8"",""\u2581="",""\u2581"",""1"",""6""]}
",
16,double_prefix,8.0,8.0,8 + 8 =,"{""index"": ""v4_dolma-v1_7_llama"", ""query_type"": ""count"", ""query"": ""8 + 8 =""}",1,200,3787,"[""8"", ""▁+"", ""▁"", ""8"", ""▁=""]","{""approx"":false,""count"":3787,""latency"":0.7498264312744141,""token_ids"":[29947,718,29871,29947,353],""tokens"":[""8"",""\u2581+"",""\u2581"",""8"",""\u2581=""]}
",
16,control_joint,7.0,9.0,7 + 9 = 16,"{""index"": ""v4_dolma-v1_7_llama"", ""query_type"": ""count"", ""query"": ""7 + 9 = 16""}",1,200,395,"[""7"", ""▁+"", ""▁"", ""9"", ""▁="", ""▁"", ""1"", ""6""]","{""approx"":false,""count"":395,""latency"":0.7569789886474609,""token_ids"":[29955,718,29871,29929,353,29871,29896,29953],""tokens"":[""7"",""\u2581+"",""\u2581"",""9"",""\u2581="",""\u2581"",""1"",""6""]}
",
16,control_prefix,7.0,9.0,7 + 9 =,"{""index"": ""v4_dolma-v1_7_llama"", ""query_type"": ""count"", ""query"": ""7 + 9 =""}",1,200,2153,"[""7"", ""▁+"", ""▁"", ""9"", ""▁=""]","{""approx"":false,""count"":2153,""latency"":0.7424354553222656,""token_ids"":[29955,718,29871,29929,353],""tokens"":[""7"",""\u2581+"",""\u2581"",""9"",""\u2581=""]}
",
16,control_joint,9.0,7.0,9 + 7 = 16,"{""index"": ""v4_dolma-v1_7_llama"", ""query_type"": ""count"", ""query"": ""9 + 7 = 16""}",1,200,446,"[""9"", ""▁+"", ""▁"", ""7"", ""▁="", ""▁"", ""1"", ""6""]","{""approx"":false,""count"":446,""latency"":0.9579658508300781,""token_ids"":[29929,718,29871,29955,353,29871,29896,29953],""tokens"":[""9"",""\u2581+"",""\u2581"",""7"",""\u2581="",""\u2581"",""1"",""6""]}
",
16,control_prefix,9.0,7.0,9 + 7 =,"{""index"": ""v4_dolma-v1_7_llama"", ""query_type"": ""count"", ""query"": ""9 + 7 =""}",1,200,1751,"[""9"", ""▁+"", ""▁"", ""7"", ""▁=""]","{""approx"":false,""count"":1751,""latency"":0.8361339569091797,""token_ids"":[29929,718,29871,29955,353],""tokens"":[""9"",""\u2581+"",""\u2581"",""7"",""\u2581=""]}
",
