target,condition,prompt,token_ids_with_bos,token_strings_with_bos,clean_score,ablated_score,score_change
24,double,12 + 12 =,"[50256, 1065, 1343, 1105, 796]","['<|endoftext|>', '12', ' +', ' 12', ' =']",0.44306468963623047,0.2767333984375,-0.16633129119873047
24,control,10 + 14 =,"[50256, 940, 1343, 1478, 796]","['<|endoftext|>', '10', ' +', ' 14', ' =']",0.03753376007080078,0.054862022399902344,0.017328262329101562
24,control,11 + 13 =,"[50256, 1157, 1343, 1511, 796]","['<|endoftext|>', '11', ' +', ' 13', ' =']",-0.06783485412597656,0.020296096801757812,0.08813095092773438
24,control,13 + 11 =,"[50256, 1485, 1343, 1367, 796]","['<|endoftext|>', '13', ' +', ' 11', ' =']",-0.12488651275634766,-0.02918243408203125,0.0957040786743164
24,control,14 + 10 =,"[50256, 1415, 1343, 838, 796]","['<|endoftext|>', '14', ' +', ' 10', ' =']",0.14467811584472656,0.10523223876953125,-0.03944587707519531
26,double,13 + 13 =,"[50256, 1485, 1343, 1511, 796]","['<|endoftext|>', '13', ' +', ' 13', ' =']",-0.243072509765625,-0.20361042022705078,0.03946208953857422
26,control,10 + 16 =,"[50256, 940, 1343, 1467, 796]","['<|endoftext|>', '10', ' +', ' 16', ' =']",-0.23874664306640625,-0.26485729217529297,-0.02611064910888672
26,control,11 + 15 =,"[50256, 1157, 1343, 1315, 796]","['<|endoftext|>', '11', ' +', ' 15', ' =']",-0.19005203247070312,-0.1847515106201172,0.0053005218505859375
26,control,12 + 14 =,"[50256, 1065, 1343, 1478, 796]","['<|endoftext|>', '12', ' +', ' 14', ' =']",-0.06366825103759766,-0.13564491271972656,-0.0719766616821289
26,control,14 + 12 =,"[50256, 1415, 1343, 1105, 796]","['<|endoftext|>', '14', ' +', ' 12', ' =']",-0.08034324645996094,-0.1528034210205078,-0.07246017456054688
26,control,15 + 11 =,"[50256, 1314, 1343, 1367, 796]","['<|endoftext|>', '15', ' +', ' 11', ' =']",-0.1377410888671875,-0.1590719223022461,-0.021330833435058594
26,control,16 + 10 =,"[50256, 1433, 1343, 838, 796]","['<|endoftext|>', '16', ' +', ' 10', ' =']",-0.04384613037109375,-0.16709613800048828,-0.12325000762939453
28,double,14 + 14 =,"[50256, 1415, 1343, 1478, 796]","['<|endoftext|>', '14', ' +', ' 14', ' =']",0.4249706268310547,0.21763896942138672,-0.20733165740966797
28,control,10 + 18 =,"[50256, 940, 1343, 1248, 796]","['<|endoftext|>', '10', ' +', ' 18', ' =']",0.1880512237548828,0.11245155334472656,-0.07559967041015625
28,control,11 + 17 =,"[50256, 1157, 1343, 1596, 796]","['<|endoftext|>', '11', ' +', ' 17', ' =']",0.050156593322753906,0.041382789611816406,-0.0087738037109375
28,control,12 + 16 =,"[50256, 1065, 1343, 1467, 796]","['<|endoftext|>', '12', ' +', ' 16', ' =']",0.2485332489013672,0.1951885223388672,-0.0533447265625
28,control,13 + 15 =,"[50256, 1485, 1343, 1315, 796]","['<|endoftext|>', '13', ' +', ' 15', ' =']",0.1347980499267578,0.1485157012939453,0.0137176513671875
28,control,15 + 13 =,"[50256, 1314, 1343, 1511, 796]","['<|endoftext|>', '15', ' +', ' 13', ' =']",0.05550384521484375,0.046240806579589844,-0.009263038635253906
28,control,16 + 12 =,"[50256, 1433, 1343, 1105, 796]","['<|endoftext|>', '16', ' +', ' 12', ' =']",0.21759796142578125,0.16479110717773438,-0.052806854248046875
28,control,17 + 11 =,"[50256, 1558, 1343, 1367, 796]","['<|endoftext|>', '17', ' +', ' 11', ' =']",0.07814502716064453,0.027959823608398438,-0.050185203552246094
28,control,18 + 10 =,"[50256, 1507, 1343, 838, 796]","['<|endoftext|>', '18', ' +', ' 10', ' =']",0.2859945297241211,0.14832496643066406,-0.13766956329345703
30,double,15 + 15 =,"[50256, 1314, 1343, 1315, 796]","['<|endoftext|>', '15', ' +', ' 15', ' =']",1.101715087890625,0.8771419525146484,-0.22457313537597656
30,control,11 + 19 =,"[50256, 1157, 1343, 678, 796]","['<|endoftext|>', '11', ' +', ' 19', ' =']",0.2930612564086914,0.4009866714477539,0.1079254150390625
30,control,12 + 18 =,"[50256, 1065, 1343, 1248, 796]","['<|endoftext|>', '12', ' +', ' 18', ' =']",0.4913148880004883,0.5230884552001953,0.03177356719970703
30,control,13 + 17 =,"[50256, 1485, 1343, 1596, 796]","['<|endoftext|>', '13', ' +', ' 17', ' =']",0.3847055435180664,0.4760627746582031,0.09135723114013672
30,control,14 + 16 =,"[50256, 1415, 1343, 1467, 796]","['<|endoftext|>', '14', ' +', ' 16', ' =']",0.45241832733154297,0.4911050796508789,0.03868675231933594
30,control,16 + 14 =,"[50256, 1433, 1343, 1478, 796]","['<|endoftext|>', '16', ' +', ' 14', ' =']",0.31195068359375,0.35392189025878906,0.04197120666503906
30,control,17 + 13 =,"[50256, 1558, 1343, 1511, 796]","['<|endoftext|>', '17', ' +', ' 13', ' =']",0.2308025360107422,0.3325071334838867,0.10170459747314453
30,control,18 + 12 =,"[50256, 1507, 1343, 1105, 796]","['<|endoftext|>', '18', ' +', ' 12', ' =']",0.3874225616455078,0.4341869354248047,0.046764373779296875
30,control,19 + 11 =,"[50256, 1129, 1343, 1367, 796]","['<|endoftext|>', '19', ' +', ' 11', ' =']",0.09863853454589844,0.22935867309570312,0.1307201385498047
32,double,16 + 16 =,"[50256, 1433, 1343, 1467, 796]","['<|endoftext|>', '16', ' +', ' 16', ' =']",1.0462417602539062,0.7416925430297852,-0.3045492172241211
32,control,13 + 19 =,"[50256, 1485, 1343, 678, 796]","['<|endoftext|>', '13', ' +', ' 19', ' =']",0.2855691909790039,0.33058834075927734,0.04501914978027344
32,control,14 + 18 =,"[50256, 1415, 1343, 1248, 796]","['<|endoftext|>', '14', ' +', ' 18', ' =']",0.3181171417236328,0.3283214569091797,0.010204315185546875
32,control,15 + 17 =,"[50256, 1314, 1343, 1596, 796]","['<|endoftext|>', '15', ' +', ' 17', ' =']",0.27295589447021484,0.34935855865478516,0.07640266418457031
32,control,17 + 15 =,"[50256, 1558, 1343, 1315, 796]","['<|endoftext|>', '17', ' +', ' 15', ' =']",0.30871105194091797,0.34835052490234375,0.03963947296142578
32,control,18 + 14 =,"[50256, 1507, 1343, 1478, 796]","['<|endoftext|>', '18', ' +', ' 14', ' =']",0.29065608978271484,0.3042716979980469,0.013615608215332031
32,control,19 + 13 =,"[50256, 1129, 1343, 1511, 796]","['<|endoftext|>', '19', ' +', ' 13', ' =']",0.19769287109375,0.30878543853759766,0.11109256744384766
34,double,17 + 17 =,"[50256, 1558, 1343, 1596, 796]","['<|endoftext|>', '17', ' +', ' 17', ' =']",-0.06043720245361328,-0.0494384765625,0.010998725891113281
34,control,15 + 19 =,"[50256, 1314, 1343, 678, 796]","['<|endoftext|>', '15', ' +', ' 19', ' =']",-0.09731006622314453,-0.11551475524902344,-0.018204689025878906
34,control,16 + 18 =,"[50256, 1433, 1343, 1248, 796]","['<|endoftext|>', '16', ' +', ' 18', ' =']",0.06756019592285156,-0.07788562774658203,-0.1454458236694336
34,control,18 + 16 =,"[50256, 1507, 1343, 1467, 796]","['<|endoftext|>', '18', ' +', ' 16', ' =']",0.1479349136352539,-0.005852699279785156,-0.15378761291503906
34,control,19 + 15 =,"[50256, 1129, 1343, 1315, 796]","['<|endoftext|>', '19', ' +', ' 15', ' =']",-0.09546279907226562,-0.13655662536621094,-0.04109382629394531
36,double,18 + 18 =,"[50256, 1507, 1343, 1248, 796]","['<|endoftext|>', '18', ' +', ' 18', ' =']",0.9652681350708008,0.6731157302856445,-0.29215240478515625
36,control,17 + 19 =,"[50256, 1558, 1343, 678, 796]","['<|endoftext|>', '17', ' +', ' 19', ' =']",0.40378284454345703,0.41534423828125,0.011561393737792969
36,control,19 + 17 =,"[50256, 1129, 1343, 1596, 796]","['<|endoftext|>', '19', ' +', ' 17', ' =']",0.2793741226196289,0.3121938705444336,0.03281974792480469
