component,mean_contrast,sd_contrast,positive_targets,negative_targets,p_exact_signflip,q_fdr,abs_mean_contrast
L9H9,0.07834999656770378,0.08307650480280118,4,1,0.125,0.5131578947368421,0.07834999656770378
10_mlp_out,0.06276628176371257,0.071974245508295,5,0,0.0625,0.5131578947368421,0.06276628176371257
L10H2,0.052577007732664535,0.04206132290659151,4,1,0.125,0.5131578947368421,0.052577007732664535
L8H11,0.041091995174065234,0.042521105455897705,4,1,0.125,0.5131578947368421,0.041091995174065234
L10H7,-0.031791052656869094,0.04079591619607933,1,4,0.1875,0.609375,0.031791052656869094
9_mlp_out,0.02453686160345872,0.04450318433429315,3,2,0.375,0.7222222222222222,0.02453686160345872
L6H9,0.014110707918492454,0.010639779384420884,5,0,0.0625,0.5131578947368421,0.014110707918492454
11_mlp_out,-0.012699642994751533,0.02268984125134878,2,3,0.375,0.7222222222222222,0.012699642994751533
5_mlp_out,0.012689733955388268,0.009285820455127223,4,1,0.125,0.5131578947368421,0.012689733955388268
8_mlp_out,0.012589464709162713,0.013065145133975765,4,1,0.125,0.5131578947368421,0.012589464709162713
L6H7,0.010766010254155845,0.009229659633951129,5,0,0.0625,0.5131578947368421,0.010766010254155845
L11H2,0.010418127900144706,0.015465328499889531,3,2,0.25,0.609375,0.010418127900144706
L8H10,-0.009854026224153737,0.010336212163294622,0,5,0.0625,0.5131578947368421,0.009854026224153737
L5H8,-0.008941550746870537,0.012067385832201632,1,4,0.1875,0.609375,0.008941550746870537
L4H11,-0.007012318649018805,0.01021236524718339,1,4,0.1875,0.609375,0.007012318649018805
L11H4,0.006920274552733949,0.0059865645635512775,4,1,0.125,0.5131578947368421,0.006920274552733949
L11H8,0.006883622379973531,0.013258817483394478,3,2,0.375,0.7222222222222222,0.006883622379973531
L7H9,-0.0066939637996256355,0.00854949963619648,1,4,0.25,0.609375,0.0066939637996256355
7_mlp_out,0.006645199485744038,0.00879756973311976,4,1,0.1875,0.609375,0.006645199485744038
L11H3,0.0065818232794602706,0.0069711478125718445,4,1,0.125,0.5131578947368421,0.0065818232794602706
L11H10,-0.00640411286149174,0.015205780005663413,2,3,0.5,0.7572815533980582,0.00640411286149174
L7H5,0.006364056045034279,0.00355270816693732,5,0,0.0625,0.5131578947368421,0.006364056045034279
L7H10,0.005694193726715942,0.010069955755486248,3,2,0.25,0.609375,0.005694193726715942
6_mlp_out,-0.0055110450523595,0.021874766125916465,3,2,0.9375,0.9496753246753247,0.0055110450523595
L9H6,0.0054291991245312,0.006616383419081904,5,0,0.0625,0.5131578947368421,0.0054291991245312
L8H6,0.00535311340354383,0.013784585281017094,2,3,0.5,0.7572815533980582,0.00535311340354383
L9H1,-0.005014856462366879,0.035664164773628486,2,3,0.8125,0.9319852941176471,0.005014856462366879
L7H4,0.004736817189647505,0.001324021785319752,5,0,0.0625,0.5131578947368421,0.004736817189647505
L4H6,-0.0046842521328168615,0.004809231035423057,1,4,0.125,0.5131578947368421,0.0046842521328168615
L10H1,0.004486955143511296,0.014465264294621888,3,2,0.5,0.7572815533980582,0.004486955143511296
4_mlp_out,0.004241132255022724,0.009604019448205756,4,1,0.375,0.7222222222222222,0.004241132255022724
L8H3,0.0041806507312382255,0.0038280099029168475,5,0,0.0625,0.5131578947368421,0.0041806507312382255
L11H11,0.00402116000962754,0.0038147856907533896,4,1,0.125,0.5131578947368421,0.00402116000962754
L6H1,-0.003970670899919544,0.010503123742993024,2,3,0.5,0.7572815533980582,0.003970670899919544
L6H8,-0.00393039621412754,0.005588441652903074,1,4,0.25,0.609375,0.00393039621412754
L11H0,-0.003306779824197292,0.009496917803698858,3,2,0.75,0.9,0.003306779824197292
L8H2,0.0030771582387387753,0.0054281399475123275,3,2,0.3125,0.7065217391304348,0.0030771582387387753
L3H2,-0.003040977699371676,0.00364385919325324,1,4,0.1875,0.609375,0.003040977699371676
L0H6,0.0029389991735418635,0.0056598543090757595,4,1,0.125,0.5131578947368421,0.0029389991735418635
L6H3,-0.0028404733670564985,0.004222016856030805,1,4,0.25,0.609375,0.0028404733670564985
L7H0,-0.0028338004485704005,0.002940878488451412,0,5,0.0625,0.5131578947368421,0.0028338004485704005
L10H0,0.0026391142047941683,0.0033518223237340565,3,2,0.25,0.609375,0.0026391142047941683
0_mlp_out,0.0026037447775403657,0.005117361073546559,3,2,0.375,0.7222222222222222,0.0026037447775403657
L6H11,0.0025908300284451496,0.0015438754215348453,5,0,0.0625,0.5131578947368421,0.0025908300284451496
L6H4,0.0025272635859437285,0.0026692499776551646,4,1,0.125,0.5131578947368421,0.0025272635859437285
L4H7,0.0023015182775755726,0.004240926736534672,4,1,0.3125,0.7065217391304348,0.0023015182775755726
L8H0,-0.0022866438298175733,0.003185591263127273,2,3,0.25,0.609375,0.0022866438298175733
L9H0,0.0022281291622978944,0.005374361284718989,2,3,0.625,0.8405172413793104,0.0022281291622978944
L3H9,0.002089152205735445,0.0017526059488126085,5,0,0.0625,0.5131578947368421,0.002089152205735445
L6H0,-0.0020842721685767176,0.0018084949059331407,1,4,0.125,0.5131578947368421,0.0020842721685767176
L5H2,-0.002044047197947899,0.003991826037258997,1,4,0.3125,0.7065217391304348,0.002044047197947899
L9H3,0.0020157411384085816,0.003538980629859804,3,2,0.375,0.7222222222222222,0.0020157411384085816
L11H1,0.0020053194991002483,0.003013603165276902,4,1,0.25,0.609375,0.0020053194991002483
L5H9,0.001987716555595398,0.005008931225562112,3,2,0.625,0.8405172413793104,0.001987716555595398
L3H4,-0.0019823054627825815,0.001980580399004388,0,5,0.0625,0.5131578947368421,0.0019823054627825815
L9H4,0.0018335741983416178,0.00287636155562398,4,1,0.25,0.609375,0.0018335741983416178
L7H3,-0.0018173262632141512,0.0040436483377461335,2,3,0.4375,0.75,0.0018173262632141512
L6H5,-0.0017629971106847126,0.00598418961060421,2,3,0.5625,0.7977272727272727,0.0017629971106847126
L5H10,-0.0017300236038863658,0.006562770422976519,3,2,0.875,0.934931506849315,0.0017300236038863658
L5H4,-0.0016678370302543044,0.0033926455160719596,2,3,0.375,0.7222222222222222,0.0016678370302543044
L10H9,0.0016670909050541618,0.0021098665969057646,4,1,0.1875,0.609375,0.0016670909050541618
2_mlp_out,-0.0016515556101997703,0.005964212160079044,2,3,0.625,0.8405172413793104,0.0016515556101997703
L0H7,0.0016348426754120738,0.0022701699452903437,4,1,0.125,0.5131578947368421,0.0016348426754120738
L3H11,0.0015490350391094885,0.0011786184335049637,5,0,0.0625,0.5131578947368421,0.0015490350391094885
L10H10,0.0015418873828214905,0.0017368838425998393,4,1,0.125,0.5131578947368421,0.0015418873828214905
L10H4,-0.0015288878232240677,0.004195735335527093,2,3,0.5,0.7572815533980582,0.0015288878232240677
L0H8,-0.0015014992716411752,0.0028544578870970685,2,3,0.25,0.609375,0.0015014992716411752
L8H1,0.0014353949227370322,0.0015991649847243467,4,1,0.125,0.5131578947368421,0.0014353949227370322
L7H8,0.0013316298796174422,0.004990401606692195,3,2,0.625,0.8405172413793104,0.0013316298796174422
L10H8,-0.0013174559629987926,0.0012676688875691703,1,4,0.125,0.5131578947368421,0.0013174559629987926
L11H6,0.0013096981565468013,0.0011983173475804145,5,0,0.0625,0.5131578947368421,0.0013096981565468013
L7H6,0.0013011979016785823,0.0015200385931915714,4,1,0.1875,0.609375,0.0013011979016785823
L8H8,0.0012199645706762873,0.026033836329975846,3,2,0.9375,0.9496753246753247,0.0012199645706762873
L6H10,0.0010879727390905223,0.001616863337417279,3,2,0.25,0.609375,0.0010879727390905223
L0H9,-0.00107955327257514,0.002410049872537636,2,3,0.4375,0.75,0.00107955327257514
L1H11,-0.0010773477066929142,0.0014957968628998236,2,3,0.25,0.609375,0.0010773477066929142
L9H7,-0.0010741595877334475,0.004533680103761893,2,3,0.6875,0.8649193548387096,0.0010741595877334475
L2H11,0.0010724841694658,0.0007008496517163391,5,0,0.0625,0.5131578947368421,0.0010724841694658
1_mlp_out,-0.0010706852190196514,0.004931510073571499,3,2,0.75,0.9,0.0010706852190196514
L2H7,-0.0010456271275567513,0.0012090179960741714,1,4,0.125,0.5131578947368421,0.0010456271275567513
L4H3,0.0010321302184214194,0.0054042276658300345,3,2,0.6875,0.8649193548387096,0.0010321302184214194
L2H6,-0.001026427373290062,0.0007390563244302553,0,5,0.0625,0.5131578947368421,0.001026427373290062
L2H2,-0.0009879095770884306,0.004029416693276912,2,3,0.5625,0.7977272727272727,0.0009879095770884306
L4H1,-0.000983055937103927,0.0018792287263200973,2,3,0.3125,0.7065217391304348,0.000983055937103927
L8H5,-0.0009714014750594896,0.0027081505653251377,2,3,0.4375,0.75,0.0009714014750594896
L4H8,-0.0009442106956460824,0.002368730556272011,2,3,0.5,0.7572815533980582,0.0009442106956460824
L8H9,0.0009048278453216575,0.0031098724358122254,3,2,0.5,0.7572815533980582,0.0009048278453216575
L1H0,-0.0008544177127381167,0.0025931155245204483,2,3,0.5,0.7572815533980582,0.0008544177127381167
L6H6,0.0008467180926042298,0.001959821273437237,3,2,0.5,0.7572815533980582,0.0008467180926042298
L11H7,0.0008399139934529863,0.0004930413574102065,5,0,0.0625,0.5131578947368421,0.0008399139934529863
L3H7,-0.0007888171356171369,0.0033856349402953093,2,3,0.6875,0.8649193548387096,0.0007888171356171369
L5H5,-0.0007775438328584035,0.0027183776724427435,2,3,0.5625,0.7977272727272727,0.0007775438328584035
L2H0,-0.0007772748979429405,0.0009077996233153396,1,4,0.1875,0.609375,0.0007772748979429405
L4H0,0.000763347840984352,0.0010758687109942834,4,1,0.25,0.609375,0.000763347840984352
L1H8,-0.0007331813918426633,0.001897575293813662,2,3,0.5625,0.7977272727272727,0.0007331813918426633
L10H5,0.0007112878219534953,0.0010994719826136988,4,1,0.25,0.609375,0.0007112878219534953
L3H3,0.0007092024898156524,0.0041490762613369415,3,2,0.6875,0.8649193548387096,0.0007092024898156524
L1H9,0.0007026313881700237,0.0011930087651926813,3,2,0.375,0.7222222222222222,0.0007026313881700237
L4H2,-0.0006745645562962939,0.0029427219587212653,2,3,0.5625,0.7977272727272727,0.0006745645562962939
L10H6,-0.0006729234126396477,0.0017029299771737835,1,4,0.4375,0.75,0.0006729234126396477
L2H5,-0.0006251807557418942,0.0009325929542789627,2,3,0.25,0.609375,0.0006251807557418942
L0H2,-0.0006250227491060894,0.001979623600686163,3,2,0.9375,0.9496753246753247,0.0006250227491060894
L9H2,0.0006049353086079159,0.0014681654720307997,4,1,0.3125,0.7065217391304348,0.0006049353086079159
L8H7,0.0005856117350049317,0.003109677120380419,3,2,0.6875,0.8649193548387096,0.0005856117350049317
L2H9,-0.0005773261965562899,0.0031882859193617793,2,3,0.8125,0.9319852941176471,0.0005773261965562899
L2H4,0.0004945672873873264,0.0005549206609531608,5,0,0.0625,0.5131578947368421,0.0004945672873873264
L5H11,-0.0004892492395204802,0.0012698218802848962,1,4,0.4375,0.75,0.0004892492395204802
L9H5,-0.00047484457803269217,0.0040428691276054385,3,2,0.8125,0.9319852941176471,0.00047484457803269217
L0H10,-0.00047457742039114237,0.0016034680550097303,2,3,0.4375,0.75,0.00047457742039114237
3_mlp_out,0.00044896954980989283,0.005831724016122986,2,3,0.9375,0.9496753246753247,0.00044896954980989283
L5H1,-0.00044151658657938243,0.0012802869396135303,3,2,0.6875,0.8649193548387096,0.00044151658657938243
L9H8,0.00043685081182047724,0.0004166476477209462,4,1,0.125,0.5131578947368421,0.00043685081182047724
L3H1,-0.00043531565461307764,0.0016362539598858874,2,3,0.75,0.9,0.00043531565461307764
L1H3,-0.0004314308986067772,0.001068340695909591,2,3,0.375,0.7222222222222222,0.0004314308986067772
L9H10,-0.0004307074860359231,0.0013337660042437637,3,2,0.5,0.7572815533980582,0.0004307074860359231
L2H10,-0.00042680282689010093,0.0016288739608555916,3,2,0.6875,0.8649193548387096,0.00042680282689010093
L1H1,0.000400501877690355,0.0006144493747619911,4,1,0.25,0.609375,0.000400501877690355
L2H8,0.00039489062037318946,0.0010562556252276458,3,2,0.4375,0.75,0.00039489062037318946
L10H3,0.0003891356095361213,0.0005999077601914267,3,2,0.25,0.609375,0.0003891356095361213
L4H5,-0.00038419396344882746,0.002754427576934289,3,2,0.75,0.9,0.00038419396344882746
L2H3,0.00036678373968849554,0.0012776573294219643,2,3,0.5,0.7572815533980582,0.00036678373968849554
L7H11,0.0003581401736785967,0.0025939899190961604,2,3,0.8125,0.9319852941176471,0.0003581401736785967
L5H7,0.00034534918377175926,0.0007081428901338261,4,1,0.375,0.7222222222222222,0.00034534918377175926
L4H10,0.00034520444266187644,0.0015397259727507912,4,1,0.5625,0.7977272727272727,0.00034520444266187644
L7H2,-0.00033812986997266606,0.00045720095260213736,1,4,0.1875,0.609375,0.00033812986997266606
L11H5,0.0003339614486321807,0.002737883620939547,3,2,0.75,0.9,0.0003339614486321807
L2H1,0.00032897411341158047,0.0003168865536336008,4,1,0.125,0.5131578947368421,0.00032897411341158047
L1H5,0.00032786750234663485,0.002769962221715111,2,3,0.875,0.934931506849315,0.00032786750234663485
L1H10,-0.00032258909195661547,0.002159564947542531,2,3,0.75,0.9,0.00032258909195661547
L3H8,-0.0003050183625115702,0.0023326743895806866,2,3,0.8125,0.9319852941176471,0.0003050183625115702
L3H0,0.00028882528810451424,0.0011465400306301854,3,2,0.5625,0.7977272727272727,0.00028882528810451424
L1H7,0.0002559153052667777,0.0012189415454654966,4,1,0.6875,0.8649193548387096,0.0002559153052667777
L5H0,-0.00025299435753064846,0.0006032353143631307,2,3,0.4375,0.75,0.00025299435753064846
L11H9,-0.0002433564281091094,0.0006324964143311353,2,3,0.4375,0.75,0.0002433564281091094
L9H11,0.00024226454164211954,0.0002084783034450291,4,1,0.125,0.5131578947368421,0.00024226454164211954
L7H1,-0.0002287293939540783,0.00042839781377589634,2,3,0.375,0.7222222222222222,0.0002287293939540783
L10H11,0.0001882023100430768,0.0015611817396706702,3,2,0.8125,0.9319852941176471,0.0001882023100430768
L0H1,0.00017724590919290982,0.00039439982986593083,3,2,0.4375,0.75,0.00017724590919290982
L0H11,-0.00016759997815825046,0.000320639982645135,1,4,0.375,0.7222222222222222,0.00016759997815825046
L0H0,0.0001612660087024171,0.0006338622759284227,3,2,0.625,0.8405172413793104,0.0001612660087024171
L3H5,0.0001382522944671412,0.0019143678688565624,3,2,0.9375,0.9496753246753247,0.0001382522944671412
L5H3,-0.00011849771253764629,0.002055343691535789,2,3,0.875,0.934931506849315,0.00011849771253764629
L0H3,-0.00011645241950949022,0.0008697842238832633,3,2,0.875,0.934931506849315,0.00011645241950949022
L3H6,0.0001163843359487752,0.0021281391134002113,3,2,0.9375,0.9496753246753247,0.0001163843359487752
L3H10,0.00011572594133516141,0.0026132371374466465,3,2,0.875,0.934931506849315,0.00011572594133516141
L1H2,-0.00011264775918486194,0.0017214394431242462,2,3,1.0,1.0,0.00011264775918486194
L7H7,-0.00010117802109258871,0.00020317919946714094,3,2,0.5,0.7572815533980582,0.00010117802109258871
L1H6,-9.861510091771688e-05,0.00042073555956123046,2,3,0.625,0.8405172413793104,9.861510091771688e-05
L4H4,9.57328748578826e-05,0.002050912961074092,3,2,0.875,0.934931506849315,9.57328748578826e-05
L0H4,8.56783299241215e-05,0.000890044978594135,2,3,0.875,0.934931506849315,8.56783299241215e-05
L8H4,-6.785594741813839e-05,0.000570993549937958,3,2,0.9375,0.9496753246753247,6.785594741813839e-05
L6H2,5.7209430572887254e-05,0.000711316096921425,3,2,0.875,0.934931506849315,5.7209430572887254e-05
L1H4,4.3409705782929825e-05,0.0008626249708823219,3,2,0.875,0.934931506849315,4.3409705782929825e-05
L4H9,3.5989732714369894e-05,0.0005373225738560067,2,3,0.875,0.934931506849315,3.5989732714369894e-05
L5H6,4.485586153653645e-06,0.002255872565568346,4,1,1.0,1.0,4.485586153653645e-06
L0H5,-2.0189521213371394e-06,0.0004023400100721892,3,2,0.9375,0.9496753246753247,2.0189521213371394e-06
