component,target,position,token,corrupt_token,clean_metric,canonical_clean_metric,corrupt_metric,patched_metric,recovery
10_mlp_out,4,0,<|endoftext|>,<|endoftext|>,0.2514801025390625,0.2514801025390625,0.3214998245239258,0.3214998245239258,-0.0
10_mlp_out,4,1,2,1,0.2514801025390625,0.2514801025390625,0.3214998245239258,0.315338134765625,0.08799934623609049
10_mlp_out,4,2, +, +,0.2514801025390625,0.2514801025390625,0.3214998245239258,0.3204917907714844,0.014396426090628023
10_mlp_out,4,3, 2, 3,0.2514801025390625,0.2514801025390625,0.3214998245239258,0.3189125061035156,0.03695128096866019
10_mlp_out,4,4, =, =,0.2514801025390625,0.2514801025390625,0.3214998245239258,0.33498287200927734,-0.19256071151305484
10_mlp_out,6,0,<|endoftext|>,<|endoftext|>,0.2300243377685547,0.2300243377685547,0.3661518096923828,0.3661518096923828,-0.0
10_mlp_out,6,1,3,2,0.2300243377685547,0.2300243377685547,0.3661518096923828,0.36586952209472656,0.002073700434356172
10_mlp_out,6,2, +, +,0.2300243377685547,0.2300243377685547,0.3661518096923828,0.3658275604248047,0.0023819532016253328
10_mlp_out,6,3, 3, 4,0.2300243377685547,0.2300243377685547,0.3661518096923828,0.36441802978515625,0.012736443883984868
10_mlp_out,6,4, =, =,0.2300243377685547,0.2300243377685547,0.3661518096923828,0.35649871826171875,0.07091214796132829
10_mlp_out,10,0,<|endoftext|>,<|endoftext|>,0.6472272872924805,0.6472272872924805,0.11002159118652344,0.11002159118652344,0.0
10_mlp_out,10,1,5,4,0.6472272872924805,0.6472272872924805,0.11002159118652344,0.11030864715576172,0.0005343501964313928
10_mlp_out,10,2, +, +,0.6472272872924805,0.6472272872924805,0.11002159118652344,0.10769081115722656,-0.004338710565044266
10_mlp_out,10,3, 5, 6,0.6472272872924805,0.6472272872924805,0.11002159118652344,0.1088552474975586,-0.0021711305323441643
10_mlp_out,10,4, =, =,0.6472272872924805,0.6472272872924805,0.11002159118652344,0.24869823455810547,0.25814440237102365
10_mlp_out,12,0,<|endoftext|>,<|endoftext|>,0.4012031555175781,0.4012031555175781,0.2224254608154297,0.2224254608154297,0.0
10_mlp_out,12,1,6,5,0.4012031555175781,0.4012031555175781,0.2224254608154297,0.22166156768798828,-0.004272865967502747
10_mlp_out,12,2, +, +,0.4012031555175781,0.4012031555175781,0.2224254608154297,0.22341537475585938,0.005537122190097193
10_mlp_out,12,3, 6, 7,0.4012031555175781,0.4012031555175781,0.2224254608154297,0.2232341766357422,0.004523583446245105
10_mlp_out,12,4, =, =,0.4012031555175781,0.4012031555175781,0.2224254608154297,0.22399425506591797,0.008775111755982546
10_mlp_out,16,0,<|endoftext|>,<|endoftext|>,0.7190017700195312,0.7190017700195312,0.08139801025390625,0.08139801025390625,0.0
10_mlp_out,16,1,8,7,0.7190017700195312,0.7190017700195312,0.08139801025390625,0.08072662353515625,-0.0010529842530991242
10_mlp_out,16,2, +, +,0.7190017700195312,0.7190017700195312,0.08139801025390625,0.07941722869873047,-0.0031066026898961376
10_mlp_out,16,3, 8, 9,0.7190017700195312,0.7190017700195312,0.08139801025390625,0.08049774169921875,-0.0014119561575647345
10_mlp_out,16,4, =, =,0.7190017700195312,0.7190017700195312,0.08139801025390625,0.1835918426513672,0.16027796391135787
L9H9,4,0,<|endoftext|>,<|endoftext|>,0.2514801025390625,0.2514801025390625,0.3214998245239258,0.3214998245239258,-0.0
L9H9,4,1,2,1,0.2514801025390625,0.2514801025390625,0.3214998245239258,0.3215141296386719,-0.0002043012217213059
L9H9,4,2, +, +,0.2514801025390625,0.2514801025390625,0.3214998245239258,0.3214139938354492,0.0012258073303278354
L9H9,4,3, 2, 3,0.2514801025390625,0.2514801025390625,0.3214998245239258,0.3219480514526367,-0.006401438280600918
L9H9,4,4, =, =,0.2514801025390625,0.2514801025390625,0.3214998245239258,0.34134769439697266,-0.28346113509758786
L9H9,6,0,<|endoftext|>,<|endoftext|>,0.2300243377685547,0.2300243377685547,0.3661518096923828,0.3661518096923828,-0.0
L9H9,6,1,3,2,0.2300243377685547,0.2300243377685547,0.3661518096923828,0.3661375045776367,0.00010508617065994115
L9H9,6,2, +, +,0.2300243377685547,0.2300243377685547,0.3661518096923828,0.3657264709472656,0.0031245621409555836
L9H9,6,3, 3, 4,0.2300243377685547,0.2300243377685547,0.3661518096923828,0.3661470413208008,3.502872355331372e-05
L9H9,6,4, =, =,0.2300243377685547,0.2300243377685547,0.3661518096923828,0.3294563293457031,0.26956704497688105
L9H9,10,0,<|endoftext|>,<|endoftext|>,0.6472272872924805,0.6472272872924805,0.11002159118652344,0.11002159118652344,0.0
L9H9,10,1,5,4,0.6472272872924805,0.6472272872924805,0.11002159118652344,0.1100473403930664,4.7931745194842545e-05
L9H9,10,2, +, +,0.6472272872924805,0.6472272872924805,0.11002159118652344,0.11040306091308594,0.0007100999288124822
L9H9,10,3, 5, 6,0.6472272872924805,0.6472272872924805,0.11002159118652344,0.10996627807617188,-0.00010296448967780991
L9H9,10,4, =, =,0.6472272872924805,0.6472272872924805,0.11002159118652344,0.12273311614990234,0.023662304877853937
L9H9,12,0,<|endoftext|>,<|endoftext|>,0.4012031555175781,0.4012031555175781,0.2224254608154297,0.2224254608154297,0.0
L9H9,12,1,6,5,0.4012031555175781,0.4012031555175781,0.2224254608154297,0.2224264144897461,5.3344144413267755e-06
L9H9,12,2, +, +,0.4012031555175781,0.4012031555175781,0.2224254608154297,0.22338104248046875,0.005345083270209429
L9H9,12,3, 6, 7,0.4012031555175781,0.4012031555175781,0.2224254608154297,0.22232341766357422,-0.000570782345221965
L9H9,12,4, =, =,0.4012031555175781,0.4012031555175781,0.2224254608154297,0.3163270950317383,0.5252424491363583
L9H9,16,0,<|endoftext|>,<|endoftext|>,0.7190017700195312,0.7190017700195312,0.08139801025390625,0.08139801025390625,0.0
L9H9,16,1,8,7,0.7190017700195312,0.7190017700195312,0.08139801025390625,0.08144664764404297,7.628152969894223e-05
L9H9,16,2, +, +,0.7190017700195312,0.7190017700195312,0.08139801025390625,0.0833282470703125,0.003027329727659982
L9H9,16,3, 8, 9,0.7190017700195312,0.7190017700195312,0.08139801025390625,0.0815277099609375,0.0002034174125305126
L9H9,16,4, =, =,0.7190017700195312,0.7190017700195312,0.08139801025390625,0.23937416076660156,0.2477653998947016
L10H2,4,0,<|endoftext|>,<|endoftext|>,0.2514801025390625,0.2514801025390625,0.3214998245239258,0.3214998245239258,-0.0
L10H2,4,1,2,1,0.2514801025390625,0.2514801025390625,0.3214998245239258,0.3215608596801758,-0.0008716852126775718
L10H2,4,2, +, +,0.2514801025390625,0.2514801025390625,0.3214998245239258,0.32196712493896484,-0.0066738399095626596
L10H2,4,3, 2, 3,0.2514801025390625,0.2514801025390625,0.3214998245239258,0.3217954635620117,-0.004222225248906988
L10H2,4,4, =, =,0.2514801025390625,0.2514801025390625,0.3214998245239258,0.3661184310913086,-0.6372291306302011
L10H2,6,0,<|endoftext|>,<|endoftext|>,0.2300243377685547,0.2300243377685547,0.3661518096923828,0.3661518096923828,-0.0
L10H2,6,1,3,2,0.2300243377685547,0.2300243377685547,0.3661518096923828,0.3661327362060547,0.00014011489421325487
L10H2,6,2, +, +,0.2300243377685547,0.2300243377685547,0.3661518096923828,0.3660564422607422,0.0007005744710662743
L10H2,6,3, 3, 4,0.2300243377685547,0.2300243377685547,0.3661518096923828,0.36647891998291016,-0.0024029704357573212
L10H2,6,4, =, =,0.2300243377685547,0.2300243377685547,0.3661518096923828,0.3360891342163086,0.22084209051422166
L10H2,10,0,<|endoftext|>,<|endoftext|>,0.6472272872924805,0.6472272872924805,0.11002159118652344,0.11002159118652344,0.0
L10H2,10,1,5,4,0.6472272872924805,0.6472272872924805,0.11002159118652344,0.11005020141601562,5.325749466093616e-05
L10H2,10,2, +, +,0.6472272872924805,0.6472272872924805,0.11002159118652344,0.11045646667480469,0.0008095139188462297
L10H2,10,3, 5, 6,0.6472272872924805,0.6472272872924805,0.11002159118652344,0.11024856567382812,0.00042250945764342685
L10H2,10,4, =, =,0.6472272872924805,0.6472272872924805,0.11002159118652344,0.17374134063720703,0.11861331685901498
L10H2,12,0,<|endoftext|>,<|endoftext|>,0.4012031555175781,0.4012031555175781,0.2224254608154297,0.2224254608154297,0.0
L10H2,12,1,6,5,0.4012031555175781,0.4012031555175781,0.2224254608154297,0.22260189056396484,0.0009868666716454535
L10H2,12,2, +, +,0.4012031555175781,0.4012031555175781,0.2224254608154297,0.223358154296875,0.0052170573236175865
L10H2,12,3, 6, 7,0.4012031555175781,0.4012031555175781,0.2224254608154297,0.22363662719726562,0.006774706340485005
L10H2,12,4, =, =,0.4012031555175781,0.4012031555175781,0.2224254608154297,0.28891563415527344,0.3719153748493028
L10H2,16,0,<|endoftext|>,<|endoftext|>,0.7190017700195312,0.7190017700195312,0.08139801025390625,0.08139801025390625,0.0
L10H2,16,1,8,7,0.7190017700195312,0.7190017700195312,0.08139801025390625,0.0815887451171875,0.0002991432537213421
L10H2,16,2, +, +,0.7190017700195312,0.7190017700195312,0.08139801025390625,0.08230113983154297,0.0014164433063705547
L10H2,16,3, 8, 9,0.7190017700195312,0.7190017700195312,0.08139801025390625,0.08204460144042969,0.0010140956301153497
L10H2,16,4, =, =,0.7190017700195312,0.7190017700195312,0.08139801025390625,0.15903472900390625,0.12176326999473508
