component,position,token,mean_recovery,median_recovery,sd_recovery,n_valid
L9H9,4, =,0.15655521275764142,0.2477653998947016,0.30343704539504684,5
10_mlp_out,1,2,0.08799934623609049,0.08799934623609049,,1
10_mlp_out,4, =,0.06110978289732751,0.07091214796132829,0.17017688833644848,5
L10H2,4, =,0.03918098431741468,0.12176326999473508,0.39190971699851085,5
10_mlp_out,3, 2,0.03695128096866019,0.03695128096866019,,1
10_mlp_out,3, 3,0.012736443883984868,0.012736443883984868,,1
L10H2,3, 6,0.006774706340485005,0.006774706340485005,,1
10_mlp_out,3, 6,0.004523583446245105,0.004523583446245105,,1
10_mlp_out,2, +,0.002974037645482029,0.0023819532016253328,0.007547208050698125,5
L9H9,2, +,0.0026865764795930623,0.003027329727659982,0.001831386676442963,5
10_mlp_out,1,3,0.002073700434356172,0.002073700434356172,,1
L10H2,3, 8,0.0010140956301153497,0.0010140956301153497,,1
L10H2,1,6,0.0009868666716454535,0.0009868666716454535,,1
10_mlp_out,1,5,0.0005343501964313928,0.0005343501964313928,,1
L10H2,3, 5,0.00042250945764342685,0.00042250945764342685,,1
L10H2,1,8,0.0002991432537213421,0.0002991432537213421,,1
L10H2,2, +,0.0002939498220675971,0.0008095139188462297,0.004315038319105431,5
L9H9,3, 8,0.0002034174125305126,0.0002034174125305126,,1
L10H2,1,3,0.00014011489421325487,0.00014011489421325487,,1
L9H9,1,3,0.00010508617065994115,0.00010508617065994115,,1
L9H9,1,8,7.628152969894223e-05,7.628152969894223e-05,,1
L10H2,1,5,5.325749466093616e-05,5.325749466093616e-05,,1
L9H9,1,5,4.7931745194842545e-05,4.7931745194842545e-05,,1
L9H9,3, 3,3.502872355331372e-05,3.502872355331372e-05,,1
L9H9,1,6,5.3344144413267755e-06,5.3344144413267755e-06,,1
10_mlp_out,0,<|endoftext|>,0.0,0.0,0.0,5
L10H2,0,<|endoftext|>,0.0,0.0,0.0,5
L9H9,0,<|endoftext|>,0.0,0.0,0.0,5
L9H9,3, 5,-0.00010296448967780991,-0.00010296448967780991,,1
L9H9,1,2,-0.0002043012217213059,-0.0002043012217213059,,1
L9H9,3, 6,-0.000570782345221965,-0.000570782345221965,,1
L10H2,1,2,-0.0008716852126775718,-0.0008716852126775718,,1
10_mlp_out,1,8,-0.0010529842530991242,-0.0010529842530991242,,1
10_mlp_out,3, 8,-0.0014119561575647345,-0.0014119561575647345,,1
10_mlp_out,3, 5,-0.0021711305323441643,-0.0021711305323441643,,1
L10H2,3, 3,-0.0024029704357573212,-0.0024029704357573212,,1
L10H2,3, 2,-0.004222225248906988,-0.004222225248906988,,1
10_mlp_out,1,6,-0.004272865967502747,-0.004272865967502747,,1
L9H9,3, 2,-0.006401438280600918,-0.006401438280600918,,1
