component,target,clean_prompt,corrupt_prompt,clean_metric,corrupt_metric,patched_metric,recovery
10_mlp_out,4,2 + 2 =,1 + 3 =,0.2514801025390625,0.3214998245239258,0.33498287200927734,-0.19256071151305484
10_mlp_out,6,3 + 3 =,2 + 4 =,0.2300243377685547,0.3661518096923828,0.35649871826171875,0.07091214796132829
10_mlp_out,10,5 + 5 =,4 + 6 =,0.6472272872924805,0.11002159118652344,0.24869823455810547,0.25814440237102365
10_mlp_out,12,6 + 6 =,5 + 7 =,0.4012031555175781,0.2224254608154297,0.22399425506591797,0.008775111755982546
10_mlp_out,16,8 + 8 =,7 + 9 =,0.7190017700195312,0.08139801025390625,0.1835918426513672,0.16027796391135787
L9H9,4,2 + 2 =,1 + 3 =,0.2514801025390625,0.3214998245239258,0.34134769439697266,-0.28346113509758786
L9H9,6,3 + 3 =,2 + 4 =,0.2300243377685547,0.3661518096923828,0.3294563293457031,0.26956704497688105
L9H9,10,5 + 5 =,4 + 6 =,0.6472272872924805,0.11002159118652344,0.12273311614990234,0.023662304877853937
L9H9,12,6 + 6 =,5 + 7 =,0.4012031555175781,0.2224254608154297,0.3163270950317383,0.5252424491363583
L9H9,16,8 + 8 =,7 + 9 =,0.7190017700195312,0.08139801025390625,0.23937416076660156,0.2477653998947016
L10H2,4,2 + 2 =,1 + 3 =,0.2514801025390625,0.3214998245239258,0.3661184310913086,-0.6372291306302011
L10H2,6,3 + 3 =,2 + 4 =,0.2300243377685547,0.3661518096923828,0.3360891342163086,0.22084209051422166
L10H2,10,5 + 5 =,4 + 6 =,0.6472272872924805,0.11002159118652344,0.17374134063720703,0.11861331685901498
L10H2,12,6 + 6 =,5 + 7 =,0.4012031555175781,0.2224254608154297,0.28891563415527344,0.3719153748493028
L10H2,16,8 + 8 =,7 + 9 =,0.7190017700195312,0.08139801025390625,0.15903472900390625,0.12176326999473508
9_mlp_out,4,2 + 2 =,1 + 3 =,0.2514801025390625,0.3214998245239258,0.24520587921142578,1.0896065158469648
9_mlp_out,6,3 + 3 =,2 + 4 =,0.2300243377685547,0.3661518096923828,0.34780216217041016,0.13479753397786184
9_mlp_out,10,5 + 5 =,4 + 6 =,0.6472272872924805,0.11002159118652344,0.16795730590820312,0.10784642668839572
9_mlp_out,12,6 + 6 =,5 + 7 =,0.4012031555175781,0.2224254608154297,0.21599769592285156,-0.03595395333454247
9_mlp_out,16,8 + 8 =,7 + 9 =,0.7190017700195312,0.08139801025390625,0.15354633331298828,0.11315542286890345
L8H11,4,2 + 2 =,1 + 3 =,0.2514801025390625,0.3214998245239258,0.3290109634399414,-0.10727176148513368
L8H11,6,3 + 3 =,2 + 4 =,0.2300243377685547,0.3661518096923828,0.3464822769165039,0.1444934846574191
L8H11,10,5 + 5 =,4 + 6 =,0.6472272872924805,0.11002159118652344,0.13019275665283203,0.03754830898578202
L8H11,12,6 + 6 =,5 + 7 =,0.4012031555175781,0.2224254608154297,0.24988460540771484,0.15359379500912185
L8H11,16,8 + 8 =,7 + 9 =,0.7190017700195312,0.08139801025390625,0.13221359252929688,0.07969774565643996
