target,a,b,condition,is_double,split,operator,prompt,matched_corrupt_prompt
4,2,2,double,True,discovery,+,2 + 2 =,1 + 3 =
4,1,3,control,False,discovery,+,1 + 3 =,1 + 3 =
4,3,1,control,False,discovery,+,3 + 1 =,1 + 3 =
6,3,3,double,True,discovery,+,3 + 3 =,2 + 4 =
6,1,5,control,False,discovery,+,1 + 5 =,2 + 4 =
6,2,4,control,False,discovery,+,2 + 4 =,2 + 4 =
6,4,2,control,False,discovery,+,4 + 2 =,2 + 4 =
6,5,1,control,False,discovery,+,5 + 1 =,2 + 4 =
10,5,5,double,True,discovery,+,5 + 5 =,4 + 6 =
10,1,9,control,False,discovery,+,1 + 9 =,4 + 6 =
10,2,8,control,False,discovery,+,2 + 8 =,4 + 6 =
10,3,7,control,False,discovery,+,3 + 7 =,4 + 6 =
10,4,6,control,False,discovery,+,4 + 6 =,4 + 6 =
10,6,4,control,False,discovery,+,6 + 4 =,4 + 6 =
10,7,3,control,False,discovery,+,7 + 3 =,4 + 6 =
10,8,2,control,False,discovery,+,8 + 2 =,4 + 6 =
10,9,1,control,False,discovery,+,9 + 1 =,4 + 6 =
12,6,6,double,True,discovery,+,6 + 6 =,5 + 7 =
12,3,9,control,False,discovery,+,3 + 9 =,5 + 7 =
12,4,8,control,False,discovery,+,4 + 8 =,5 + 7 =
12,5,7,control,False,discovery,+,5 + 7 =,5 + 7 =
12,7,5,control,False,discovery,+,7 + 5 =,5 + 7 =
12,8,4,control,False,discovery,+,8 + 4 =,5 + 7 =
12,9,3,control,False,discovery,+,9 + 3 =,5 + 7 =
16,8,8,double,True,discovery,+,8 + 8 =,7 + 9 =
16,7,9,control,False,discovery,+,7 + 9 =,7 + 9 =
16,9,7,control,False,discovery,+,9 + 7 =,7 + 9 =
8,4,4,double,True,exploratory_transfer,+,4 + 4 =,3 + 5 =
8,1,7,control,False,exploratory_transfer,+,1 + 7 =,3 + 5 =
8,2,6,control,False,exploratory_transfer,+,2 + 6 =,3 + 5 =
8,3,5,control,False,exploratory_transfer,+,3 + 5 =,3 + 5 =
8,5,3,control,False,exploratory_transfer,+,5 + 3 =,3 + 5 =
8,6,2,control,False,exploratory_transfer,+,6 + 2 =,3 + 5 =
8,7,1,control,False,exploratory_transfer,+,7 + 1 =,3 + 5 =
14,7,7,double,True,exploratory_transfer,+,7 + 7 =,6 + 8 =
14,5,9,control,False,exploratory_transfer,+,5 + 9 =,6 + 8 =
14,6,8,control,False,exploratory_transfer,+,6 + 8 =,6 + 8 =
14,8,6,control,False,exploratory_transfer,+,8 + 6 =,6 + 8 =
14,9,5,control,False,exploratory_transfer,+,9 + 5 =,6 + 8 =
