component,mean_advantage_change,sd_advantage_change,targets_reduced,targets_total,p_two_sided,p_reduce_one_sided,bootstrap_ci_low,bootstrap_ci_high,mean_abs_relative_ln_scale_change,max_abs_relative_ln_scale_change,q_fdr_two_sided,q_fdr_reduce_one_sided
10_mlp_out,-0.07884039878845214,0.09425493857177901,5,5,0.0625,0.03125,-0.15921988487243652,-0.01195821762084961,0.0202459380416774,0.06642050904920467,0.15,0.09375
L9H9,-0.07093965212504069,0.06265221541133591,5,5,0.0625,0.03125,-0.12499291102091473,-0.030930757522583008,0.0014961012200441896,0.0035404185484676294,0.15,0.09375
L10H2,-0.058887497584025075,0.04278870693069895,5,5,0.0625,0.03125,-0.09185433387756348,-0.026021448771158855,0.0019659924330409045,0.005248878737857798,0.15,0.09375
9_mlp_out,-0.04528969923655192,0.07131268002358712,3,5,0.375,0.1875,-0.10108508268992107,0.009058586756388343,0.018211535758879377,0.052599100256332625,0.4090909090909091,0.25
L8H11,-0.03607822259267171,0.026869975668467758,5,5,0.0625,0.03125,-0.05679901440938313,-0.015357430775960284,0.002991325646267768,0.007777078091510143,0.15,0.09375
8_mlp_out,-0.028949530919392903,0.034391844017583655,4,5,0.125,0.0625,-0.05772929191589356,-0.003321202596028644,0.019164218856785528,0.055043397588673645,0.16666666666666666,0.10714285714285714
L6H7,-0.01682443618774414,0.01670482315477913,4,5,0.125,0.0625,-0.03186497688293457,-0.005455493927001953,0.005302929345006586,0.028169282711591664,0.16666666666666666,0.10714285714285714
L6H9,-0.010845200220743817,0.010250965570029592,4,5,0.125,0.0625,-0.018808333079020183,-0.0028820673624674496,0.001767717624763245,0.00902460983427321,0.16666666666666666,0.10714285714285714
L11H2,-0.008925922711690265,0.014472101814238669,3,5,0.25,0.125,-0.02086036205291748,0.0007415453592936217,0.00018160186756596263,0.0005880657045783771,0.3,0.1875
11_mlp_out,0.010014907519022625,0.029558799576797593,2,5,0.4375,0.8125,-0.012770493825276692,0.03280030886332194,0.02479788794357773,0.08432788040185125,0.4375,0.975
5_mlp_out,0.01099673906962077,0.00643570253835942,0,5,0.0625,1.0,0.005372142791748047,0.01510907808939616,0.006546662014580328,0.01285479389559658,0.15,1.0
L10H7,0.03351452350616455,0.03544730167075028,1,5,0.125,0.96875,0.005393409729003906,0.061960577964782715,0.0009798862176732988,0.0022976831284707943,0.16666666666666666,1.0
