component,source_position,mean_clean_attention,mean_corrupt_attention,mean_contrast_change,median_contrast_change,n_targets,n_positive,n_negative
L9H9,1,0.12330093681812286,0.05804460383951664,0.03209762573242188,0.02927875518798828,5,4,1
L10H2,3,0.07916385605931282,0.08119308054447175,0.022695159912109374,0.03456687927246094,5,4,1
L9H9,3,0.08269664496183396,0.0756487250328064,0.02181529998779297,0.018622398376464844,5,4,1
L10H2,1,0.03625406809151173,0.026205464266240597,0.01283111572265625,0.012396812438964844,5,4,1
L10H2,2,0.11403152197599412,0.1221598133444786,0.006294822692871094,0.004969596862792969,5,4,1
L10H2,4,0.038431601226329805,0.04551929607987404,0.00018787384033203125,-0.0008916854858398438,5,2,3
L9H9,4,0.004322036914527416,0.003402809891849756,-0.0005506515502929687,-0.0006246566772460938,5,1,4
L9H9,2,0.018774010054767132,0.01118551529943943,-0.0012363433837890626,-0.002590179443359375,5,1,4
L10H2,0,0.7321189522743226,0.7249223589897156,-0.15389251708984375,-0.19476032257080078,5,1,4
L9H9,0,0.7709063410758972,0.8517183303833008,-0.17381706237792968,-0.14517879486083984,5,1,4
