component,layer,head,target,source_position,clean_source_token,corrupt_source_token,clean_attention_weight,corrupt_attention_weight,base_contrast,contrast_after_knockout,contrast_change_due_to_knockout
L9H9,9,9,4,0,<|endoftext|>,<|endoftext|>,0.8093615174293518,0.8918256163597107,-0.07001972198486328,0.011944770812988281,-0.08196449279785156
L9H9,9,9,4,1,2,1,0.09685320407152176,0.026712724938988686,-0.07001972198486328,-0.07566070556640625,0.005640983581542969
L9H9,9,9,4,2, +, +,0.020896337926387787,0.01088157668709755,-0.07001972198486328,-0.06845664978027344,-0.0015630722045898438
L9H9,9,9,4,3, 2, 3,0.06867553293704987,0.06783729046583176,-0.07001972198486328,-0.08864212036132812,0.018622398376464844
L9H9,9,9,4,4, =, =,0.004213328473269939,0.002742836717516184,-0.07001972198486328,-0.0695343017578125,-0.00048542022705078125
L9H9,9,9,6,0,<|endoftext|>,<|endoftext|>,0.7664257287979126,0.8504455089569092,-0.13612747192382812,-0.14590930938720703,0.009781837463378906
L9H9,9,9,6,1,3,2,0.09610120207071304,0.04241059720516205,-0.13612747192382812,-0.12634563446044922,-0.009781837463378906
L9H9,9,9,6,2, +, +,0.022503269836306572,0.009886743500828743,-0.13612747192382812,-0.1401214599609375,0.003993988037109375
L9H9,9,9,6,3, 3, 4,0.11034408211708069,0.09381379187107086,-0.13612747192382812,-0.12923431396484375,-0.006893157958984375
L9H9,9,9,6,4, =, =,0.004625613335520029,0.0034433368127793074,-0.13612747192382812,-0.13687705993652344,0.0007495880126953125
L9H9,9,9,10,0,<|endoftext|>,<|endoftext|>,0.8069016337394714,0.8760222792625427,0.537205696105957,0.6823844909667969,-0.14517879486083984
L9H9,9,9,10,1,5,4,0.105196014046669,0.05482394993305206,0.537205696105957,0.5079269409179688,0.02927875518798828
L9H9,9,9,10,2, +, +,0.0221088919788599,0.010480189695954323,0.537205696105957,0.5397958755493164,-0.002590179443359375
L9H9,9,9,10,3, 5, 6,0.061041757464408875,0.05532930791378021,0.537205696105957,0.5264892578125,0.010716438293457031
L9H9,9,9,10,4, =, =,0.004751742817461491,0.0033442580606788397,0.537205696105957,0.5384578704833984,-0.0012521743774414062
L9H9,9,9,12,0,<|endoftext|>,<|endoftext|>,0.7566815614700317,0.8292484283447266,0.17877769470214844,0.4459218978881836,-0.26714420318603516
L9H9,9,9,12,1,6,5,0.1448247879743576,0.07713984698057175,0.17877769470214844,0.14194107055664062,0.03683662414550781
L9H9,9,9,12,2, +, +,0.018312035128474236,0.01459557842463255,0.17877769470214844,0.1819934844970703,-0.003215789794921875
L9H9,9,9,12,3, 6, 7,0.07584114372730255,0.07511084526777267,0.17877769470214844,0.13573646545410156,0.043041229248046875
L9H9,9,9,12,4, =, =,0.004340499639511108,0.0039053461514413357,0.17877769470214844,0.17940235137939453,-0.0006246566772460938
L9H9,9,9,16,0,<|endoftext|>,<|endoftext|>,0.7151612639427185,0.8110498189926147,0.637603759765625,1.0221834182739258,-0.3845796585083008
L9H9,9,9,16,1,8,7,0.1735294759273529,0.08913590013980865,0.637603759765625,0.5390901565551758,0.09851360321044922
L9H9,9,9,16,2, +, +,0.010049515403807163,0.010083488188683987,0.637603759765625,0.6404104232788086,-0.0028066635131835938
L9H9,9,9,16,3, 8, 9,0.09758070856332779,0.08615238964557648,0.637603759765625,0.5940141677856445,0.04358959197998047
L9H9,9,9,16,4, =, =,0.0036790003068745136,0.0035782717168331146,0.637603759765625,0.6387443542480469,-0.001140594482421875
L10H2,10,2,4,0,<|endoftext|>,<|endoftext|>,0.722968339920044,0.6989339590072632,-0.07001972198486328,0.0025835037231445312,-0.07260322570800781
L10H2,10,2,4,1,2,1,0.029819274321198463,0.01274170447140932,-0.07001972198486328,-0.07347869873046875,0.0034589767456054688
L10H2,10,2,4,2, +, +,0.1127447634935379,0.1303231120109558,-0.07001972198486328,-0.07498931884765625,0.004969596862792969
L10H2,10,2,4,3, 2, 3,0.09613820910453796,0.1123109981417656,-0.07001972198486328,-0.08126163482666016,0.011241912841796875
L10H2,10,2,4,4, =, =,0.038329459726810455,0.04569031298160553,-0.07001972198486328,-0.07397842407226562,0.003958702087402344
L10H2,10,2,6,0,<|endoftext|>,<|endoftext|>,0.7177130579948425,0.7170364856719971,-0.13612747192382812,-0.20052337646484375,0.06439590454101562
L10H2,10,2,6,1,3,2,0.023902125656604767,0.018008330836892128,-0.13612747192382812,-0.13508319854736328,-0.0010442733764648438
L10H2,10,2,6,2, +, +,0.126433327794075,0.11802712082862854,-0.13612747192382812,-0.13675403594970703,0.0006265640258789062
L10H2,10,2,6,3, 3, 4,0.0922342985868454,0.09104587882757187,-0.13612747192382812,-0.11786365509033203,-0.018263816833496094
L10H2,10,2,6,4, =, =,0.03971719369292259,0.055882133543491364,-0.13612747192382812,-0.13523578643798828,-0.0008916854858398438
L10H2,10,2,10,0,<|endoftext|>,<|endoftext|>,0.6893655061721802,0.756301999092102,0.537205696105957,0.7642297744750977,-0.22702407836914062
L10H2,10,2,10,1,5,4,0.04512098431587219,0.02731899544596672,0.537205696105957,0.5248088836669922,0.012396812438964844
L10H2,10,2,10,2, +, +,0.1477724313735962,0.10762455314397812,0.537205696105957,0.5110206604003906,0.026185035705566406
L10H2,10,2,10,3, 5, 6,0.07721161842346191,0.06690435856580734,0.537205696105957,0.5003318786621094,0.036873817443847656
L10H2,10,2,10,4, =, =,0.04052939638495445,0.041850075125694275,0.537205696105957,0.5386362075805664,-0.001430511474609375
L10H2,10,2,12,0,<|endoftext|>,<|endoftext|>,0.7396682500839233,0.6946658492088318,0.17877769470214844,0.3735380172729492,-0.19476032257080078
L10H2,10,2,12,1,6,5,0.04068388789892197,0.0339815728366375,0.17877769470214844,0.16381454467773438,0.014963150024414062
L10H2,10,2,12,2, +, +,0.10572251677513123,0.1514301598072052,0.17877769470214844,0.1871185302734375,-0.008340835571289062
L10H2,10,2,12,3, 6, 7,0.07526572048664093,0.07762664556503296,0.17877769470214844,0.12972068786621094,0.0490570068359375
L10H2,10,2,12,4, =, =,0.03865962475538254,0.04229580610990524,0.17877769470214844,0.17989444732666016,-0.0011167526245117188
L10H2,10,2,16,0,<|endoftext|>,<|endoftext|>,0.7908796072006226,0.7576735019683838,0.637603759765625,0.9770746231079102,-0.33947086334228516
L10H2,10,2,16,1,8,7,0.04174406826496124,0.03897671774029732,0.637603759765625,0.6032228469848633,0.03438091278076172
L10H2,10,2,16,2, +, +,0.07748457044363022,0.10339412093162537,0.637603759765625,0.6295700073242188,0.00803375244140625
L10H2,10,2,16,3, 8, 9,0.054969433695077896,0.05807752162218094,0.637603759765625,0.6030368804931641,0.03456687927246094
L10H2,10,2,16,4, =, =,0.03492233157157898,0.04187815263867378,0.637603759765625,0.6371841430664062,0.00041961669921875
