target,a,b,condition,is_double,split,operator,prompt,matched_corrupt_prompt,target_score,target_logit,foil_minus_logit,foil_plus_logit,target_rank,top_token,sequence_length_with_bos
4,2,2,double,True,discovery,+,2 + 2 =,1 + 3 =,0.2514801025390625,13.300371170043945,13.458366394042969,12.639415740966797,4, 2,5
4,1,3,control,False,discovery,+,1 + 3 =,1 + 3 =,0.3214998245239258,13.991928100585938,13.939169883728027,13.401686668395996,1, 4,5
4,3,1,control,False,discovery,+,3 + 1 =,1 + 3 =,0.08419418334960938,12.45803451538086,12.651694297790527,12.095987319946289,4, 1,5
6,3,3,double,True,discovery,+,3 + 3 =,2 + 4 =,0.2300243377685547,12.77946662902832,12.869017601013184,12.229866981506348,6, 3,5
6,1,5,control,False,discovery,+,1 + 5 =,2 + 4 =,0.16054725646972656,13.565546989440918,13.661587715148926,13.148411750793457,4, 1,5
6,2,4,control,False,discovery,+,2 + 4 =,2 + 4 =,0.3661518096923828,13.627017974853516,13.509815216064453,13.011918067932129,5, 4,5
6,4,2,control,False,discovery,+,4 + 2 =,2 + 4 =,0.26332759857177734,13.015691757202148,13.014517784118652,12.49021053314209,5, 2,5
6,5,1,control,False,discovery,+,5 + 1 =,2 + 4 =,0.06284236907958984,11.968348503112793,12.330737113952637,11.480274200439453,7, 1,5
10,5,5,double,True,discovery,+,5 + 5 =,4 + 6 =,0.6472272872924805,12.190494537353516,11.788293838500977,11.298240661621094,9, 5,5
10,1,9,control,False,discovery,+,1 + 9 =,4 + 6 =,0.12012481689453125,12.872520446777344,12.988550186157227,12.516241073608398,7, 1,5
10,2,8,control,False,discovery,+,2 + 8 =,4 + 6 =,0.22257041931152344,12.793678283691406,12.85120964050293,12.291006088256836,11, 2,5
10,3,7,control,False,discovery,+,3 + 7 =,4 + 6 =,0.09288215637207031,12.607093811035156,12.773340225219727,12.255083084106445,11, 4,5
10,4,6,control,False,discovery,+,4 + 6 =,4 + 6 =,0.11002159118652344,12.566038131713867,12.681241989135742,12.230791091918945,11, 4,5
10,6,4,control,False,discovery,+,6 + 4 =,4 + 6 =,0.03609943389892578,12.681029319763184,12.90257740020752,12.387283325195312,11, 6,5
10,7,3,control,False,discovery,+,7 + 3 =,4 + 6 =,0.09035491943359375,12.437704086303711,12.622171401977539,12.072526931762695,11, 1,5
10,8,2,control,False,discovery,+,8 + 2 =,4 + 6 =,0.15377044677734375,12.384809494018555,12.564263343811035,11.89781379699707,11, 2,5
10,9,1,control,False,discovery,+,9 + 1 =,4 + 6 =,0.0749673843383789,11.766493797302246,12.055996894836426,11.327056884765625,11, 1,5
12,6,6,double,True,discovery,+,6 + 6 =,5 + 7 =,0.4012031555175781,11.689165115356445,11.491421699523926,11.084501266479492,12, 6,5
12,3,9,control,False,discovery,+,3 + 9 =,5 + 7 =,0.18845748901367188,11.996734619140625,11.953620910644531,11.662933349609375,12, 1,5
12,4,8,control,False,discovery,+,4 + 8 =,5 + 7 =,0.3581380844116211,12.538576126098633,12.325847625732422,12.035028457641602,12, 4,5
12,5,7,control,False,discovery,+,5 + 7 =,5 + 7 =,0.2224254608154297,12.126092910766602,12.07370662689209,11.733627319335938,12, 6,5
12,7,5,control,False,discovery,+,7 + 5 =,5 + 7 =,0.16164493560791016,12.03428840637207,12.057435989379883,11.687850952148438,13, 6,5
12,8,4,control,False,discovery,+,8 + 4 =,5 + 7 =,0.36254119873046875,12.616250991821289,12.399568557739258,12.1078519821167,12, 8,5
12,9,3,control,False,discovery,+,9 + 3 =,5 + 7 =,0.12570762634277344,12.345937728881836,12.377241134643555,12.063220024108887,13, 1,5
16,8,8,double,True,discovery,+,8 + 8 =,7 + 9 =,0.7190017700195312,11.901329040527344,11.472034454345703,10.892620086669922,13, 8,5
16,7,9,control,False,discovery,+,7 + 9 =,7 + 9 =,0.08139801025390625,11.385910034179688,11.577674865722656,11.031349182128906,17, 8,5
16,9,7,control,False,discovery,+,9 + 7 =,7 + 9 =,-0.007686614990234375,12.224802017211914,12.397388458251953,12.067588806152344,17, 6,5
8,4,4,double,True,exploratory_transfer,+,4 + 4 =,3 + 5 =,0.6057052612304688,13.062443733215332,12.627986907958984,12.285490036010742,7, 4,5
8,1,7,control,False,exploratory_transfer,+,1 + 7 =,3 + 5 =,0.26271820068359375,13.530372619628906,13.3967924118042,13.13851547241211,2, 1,5
8,2,6,control,False,exploratory_transfer,+,2 + 6 =,3 + 5 =,0.4289131164550781,13.44891357421875,13.198854446411133,12.841146469116211,6, 2,5
8,3,5,control,False,exploratory_transfer,+,3 + 5 =,3 + 5 =,0.41165924072265625,13.03189468383789,12.852909088134766,12.38756275177002,7, 1,5
8,5,3,control,False,exploratory_transfer,+,5 + 3 =,3 + 5 =,0.30405235290527344,12.999473571777344,12.8870849609375,12.503756523132324,7, 2,5
8,6,2,control,False,exploratory_transfer,+,6 + 2 =,3 + 5 =,0.2745933532714844,12.840954780578613,12.749542236328125,12.383180618286133,8, 2,5
8,7,1,control,False,exploratory_transfer,+,7 + 1 =,3 + 5 =,0.2065258026123047,12.036761283874512,12.126981735229492,11.533489227294922,9, 1,5
14,7,7,double,True,exploratory_transfer,+,7 + 7 =,6 + 8 =,-0.23829078674316406,11.023294448852539,11.191963195800781,11.331208229064941,17, 7,5
14,5,9,control,False,exploratory_transfer,+,5 + 9 =,6 + 8 =,-0.29747867584228516,11.329854965209961,11.515271186828613,11.739396095275879,20, 5,5
14,6,8,control,False,exploratory_transfer,+,6 + 8 =,6 + 8 =,-0.17884063720703125,11.677769660949707,11.809565544128418,11.903655052185059,19, 6,5
14,8,6,control,False,exploratory_transfer,+,8 + 6 =,6 + 8 =,-0.21446704864501953,11.80568790435791,11.973024368286133,12.067285537719727,19, 8,5
14,9,5,control,False,exploratory_transfer,+,9 + 5 =,6 + 8 =,-0.23757457733154297,11.59962272644043,11.820952415466309,11.853442192077637,18, 6,5
