component,target,condition,prompt,clean_score,ablated_score,causal_delta,clean_ln_scale,ablated_ln_scale,ln_scale_delta,ln_scale_relative_delta
L9H9,4,double,2 + 2 =,0.25147533416748047,0.24288654327392578,-0.008588790893554688,20.642011642456055,20.607826232910156,-0.03418540954589844,-0.0016561084325515353
L9H9,4,control,1 + 3 =,0.3214998245239258,0.34842777252197266,0.026927947998046875,20.199615478515625,20.19218635559082,-0.0074291229248046875,-0.0003677853636722108
L9H9,4,control,3 + 1 =,0.08419418334960938,0.11306381225585938,0.02886962890625,18.926305770874023,18.9149112701416,-0.011394500732421875,-0.0006020456855324108
L9H9,6,double,3 + 3 =,0.23001956939697266,0.24344539642333984,0.013425827026367188,20.46927261352539,20.499942779541016,0.030670166015625,0.0014983515337696567
L9H9,6,control,1 + 5 =,0.16054725646972656,0.19617748260498047,0.035630226135253906,18.30092430114746,18.270706176757812,-0.030218124389648438,-0.0016511802296102483
L9H9,6,control,2 + 4 =,0.36614990234375,0.35335445404052734,-0.012795448303222656,20.786849975585938,20.811697006225586,0.024847030639648438,0.001195324480083859
L9H9,6,control,4 + 2 =,0.26332855224609375,0.2523641586303711,-0.010964393615722656,20.156877517700195,20.141298294067383,-0.0155792236328125,-0.0007728986604761597
L9H9,6,control,5 + 1 =,0.06284618377685547,0.13074111938476562,0.06789493560791016,17.781740188598633,17.74635124206543,-0.035388946533203125,-0.0019901846589735887
L9H9,10,double,5 + 5 =,0.6472272872924805,0.5807151794433594,-0.0665121078491211,17.93832015991211,17.91291618347168,-0.025403976440429688,-0.0014161848051525777
L9H9,10,control,1 + 9 =,0.12012290954589844,0.15524959564208984,0.035126686096191406,20.138668060302734,20.09794807434082,-0.04071998596191406,-0.002021980095207048
L9H9,10,control,2 + 8 =,0.22256851196289062,0.18407630920410156,-0.03849220275878906,20.900604248046875,20.893436431884766,-0.007167816162109375,-0.0003429477960082994
L9H9,10,control,3 + 7 =,0.09288406372070312,0.09292125701904297,3.719329833984375e-05,21.237133026123047,21.29831886291504,0.06118583679199219,0.0028810780022298513
L9H9,10,control,4 + 6 =,0.11002254486083984,0.09916114807128906,-0.010861396789550781,19.515268325805664,19.52149772644043,0.006229400634765625,0.0003192065069650254
L9H9,10,control,6 + 4 =,0.036098480224609375,0.025167465209960938,-0.010931015014648438,20.177825927734375,20.192893981933594,0.01506805419921875,0.0007467630186316428
L9H9,10,control,7 + 3 =,0.09035205841064453,0.0916900634765625,0.0013380050659179688,20.559181213378906,20.5976619720459,0.03848075866699219,0.0018717067702069185
L9H9,10,control,8 + 2 =,0.15376758575439453,0.11591720581054688,-0.037850379943847656,20.41806983947754,20.345781326293945,-0.07228851318359375,-0.0035404185484676294
L9H9,10,control,9 + 1 =,0.07496356964111328,0.15368080139160156,0.07871723175048828,18.91706085205078,18.875926971435547,-0.041133880615234375,-0.0021744329595881746
L9H9,12,double,6 + 6 =,0.4012012481689453,0.33867549896240234,-0.06252574920654297,19.649988174438477,19.712421417236328,0.06243324279785156,0.003177266176631461
L9H9,12,control,3 + 9 =,0.18845558166503906,0.2005147933959961,0.012059211730957031,19.860172271728516,19.855466842651367,-0.0047054290771484375,-0.00023692790841732734
L9H9,12,control,4 + 8 =,0.3581418991088867,0.33490943908691406,-0.023232460021972656,19.889331817626953,19.87602424621582,-0.013307571411132812,-0.0006690808687368248
L9H9,12,control,5 + 7 =,0.22242450714111328,0.2574453353881836,0.03502082824707031,20.14799690246582,20.179519653320312,0.03152275085449219,0.0015645600407370652
L9H9,12,control,7 + 5 =,0.16164302825927734,0.2030496597290039,0.04140663146972656,18.695199966430664,18.705516815185547,0.010316848754882812,0.0005518447929633209
L9H9,12,control,8 + 4 =,0.3625373840332031,0.32759857177734375,-0.034938812255859375,20.03166961669922,19.98021125793457,-0.05145835876464844,-0.0025688502131520105
L9H9,12,control,9 + 3 =,0.12570762634277344,0.14223480224609375,0.016527175903320312,21.250240325927734,21.21529769897461,-0.034942626953125,-0.0016443403188476406
L9H9,16,double,8 + 8 =,0.7189979553222656,0.5667533874511719,-0.15224456787109375,19.298614501953125,19.240074157714844,-0.05854034423828125,-0.0030333962177625058
L9H9,16,control,7 + 9 =,0.08139896392822266,0.11360740661621094,0.03220844268798828,19.07692527770996,19.094331741333008,0.017406463623046875,0.0009124354878815349
L9H9,16,control,9 + 7 =,-0.007686614990234375,0.00104522705078125,0.008731842041015625,20.97355842590332,20.9942684173584,0.020709991455078125,0.0009874333689365903
10_mlp_out,4,double,2 + 2 =,0.25147533416748047,0.26146507263183594,0.009989738464355469,20.642011642456055,20.341455459594727,-0.3005561828613281,-0.014560411459276116
10_mlp_out,4,control,1 + 3 =,0.3214998245239258,0.34583473205566406,0.02433490753173828,20.199615478515625,20.115785598754883,-0.08382987976074219,-0.00415007304717775
10_mlp_out,4,control,3 + 1 =,0.08419418334960938,0.10268115997314453,0.018486976623535156,18.926305770874023,19.44929313659668,0.5229873657226562,0.027632828722839793
10_mlp_out,6,double,3 + 3 =,0.23001956939697266,0.2237224578857422,-0.006297111511230469,20.46927261352539,20.28474998474121,-0.1845226287841797,-0.009014615822853103
10_mlp_out,6,control,1 + 5 =,0.16054725646972656,0.16991233825683594,0.009365081787109375,18.30092430114746,18.816911697387695,0.5159873962402344,0.02819460852083204
10_mlp_out,6,control,2 + 4 =,0.36614990234375,0.35230064392089844,-0.013849258422851562,20.786849975585938,20.27837562561035,-0.5084743499755859,-0.024461346984886445
10_mlp_out,6,control,4 + 2 =,0.26332855224609375,0.26355934143066406,0.0002307891845703125,20.156877517700195,19.93715476989746,-0.21972274780273438,-0.010900634168649932
10_mlp_out,6,control,5 + 1 =,0.06284618377685547,0.1038064956665039,0.04096031188964844,17.781740188598633,18.962812423706055,1.1810722351074219,0.06642050904920467
10_mlp_out,10,double,5 + 5 =,0.6472272872924805,0.4537839889526367,-0.19344329833984375,17.93832015991211,18.98187828063965,1.043558120727539,0.058174796269922974
10_mlp_out,10,control,1 + 9 =,0.12012290954589844,0.1489849090576172,0.02886199951171875,20.138668060302734,20.207536697387695,0.06886863708496094,0.003419721546566157
10_mlp_out,10,control,2 + 8 =,0.22256851196289062,0.23448753356933594,0.011919021606445312,20.900604248046875,20.3979549407959,-0.5026493072509766,-0.02404951078378264
10_mlp_out,10,control,3 + 7 =,0.09288406372070312,0.14507198333740234,0.05218791961669922,21.237133026123047,20.5335636138916,-0.7035694122314453,-0.03312920870091125
10_mlp_out,10,control,4 + 6 =,0.11002254486083984,0.1362438201904297,0.026221275329589844,19.515268325805664,19.4356632232666,-0.0796051025390625,-0.004079119036954164
10_mlp_out,10,control,6 + 4 =,0.036098480224609375,0.0650930404663086,0.02899456024169922,20.177825927734375,19.867919921875,-0.309906005859375,-0.015358741173072066
10_mlp_out,10,control,7 + 3 =,0.09035205841064453,0.11015605926513672,0.019804000854492188,20.559181213378906,20.1368350982666,-0.4223461151123047,-0.020542944328807343
10_mlp_out,10,control,8 + 2 =,0.15376758575439453,0.1801280975341797,0.026360511779785156,20.41806983947754,20.092117309570312,-0.32595252990722656,-0.01596392472304165
10_mlp_out,10,control,9 + 1 =,0.07496356964111328,0.045502662658691406,-0.029460906982421875,18.91706085205078,19.358966827392578,0.4419059753417969,0.023360181520687463
10_mlp_out,12,double,6 + 6 =,0.4012012481689453,0.37951183319091797,-0.021689414978027344,19.649988174438477,19.789409637451172,0.1394214630126953,0.007095244117961382
10_mlp_out,12,control,3 + 9 =,0.18845558166503906,0.20105552673339844,0.012599945068359375,19.860172271728516,19.927188873291016,0.0670166015625,0.0033744219660118415
10_mlp_out,12,control,4 + 8 =,0.3581418991088867,0.34586620330810547,-0.01227569580078125,19.889331817626953,19.735225677490234,-0.15410614013671875,-0.007748180861467751
10_mlp_out,12,control,5 + 7 =,0.22242450714111328,0.20608997344970703,-0.01633453369140625,20.14799690246582,20.206315994262695,0.058319091796875,0.0028945354756202885
10_mlp_out,12,control,7 + 5 =,0.16164302825927734,0.12439441680908203,-0.03724861145019531,18.695199966430664,19.03241729736328,0.3372173309326172,0.018037642364785018
10_mlp_out,12,control,8 + 4 =,0.3625373840332031,0.3384065628051758,-0.024130821228027344,20.03166961669922,19.792404174804688,-0.23926544189453125,-0.011944358432063486
10_mlp_out,12,control,9 + 3 =,0.12570762634277344,0.13738536834716797,0.011677742004394531,21.250240325927734,20.477210998535156,-0.7730293273925781,-0.03637743929179914
10_mlp_out,16,double,8 + 8 =,0.7189979553222656,0.606715202331543,-0.11228275299072266,19.298614501953125,19.628713607788086,0.33009910583496094,0.01710480852402918
10_mlp_out,16,control,7 + 9 =,0.08139896392822266,0.08800697326660156,0.006608009338378906,19.07692527770996,19.46196174621582,0.3850364685058594,0.020183360940022516
10_mlp_out,16,control,9 + 7 =,-0.007686614990234375,0.04617023468017578,0.053856849670410156,20.97355842590332,20.166765213012695,-0.806793212890625,-0.03846715929206357
L10H2,4,double,2 + 2 =,0.25147533416748047,0.2502927780151367,-0.00118255615234375,20.642011642456055,20.674915313720703,0.03290367126464844,0.0015940147614766798
L10H2,4,control,1 + 3 =,0.3214998245239258,0.3534507751464844,0.031950950622558594,20.199615478515625,20.209503173828125,0.0098876953125,0.0004894991849234251
L10H2,4,control,3 + 1 =,0.08419418334960938,0.10386943817138672,0.019675254821777344,18.926305770874023,19.000080108642578,0.07377433776855469,0.003897978753047894
L10H2,6,double,3 + 3 =,0.23001956939697266,0.2275552749633789,-0.00246429443359375,20.46927261352539,20.506526947021484,0.03725433349609375,0.0018200125719893617
L10H2,6,control,1 + 5 =,0.16054725646972656,0.2177581787109375,0.05721092224121094,18.30092430114746,18.252063751220703,-0.04886054992675781,-0.0026698405568342945
L10H2,6,control,2 + 4 =,0.36614990234375,0.3373727798461914,-0.028777122497558594,20.786849975585938,20.78118133544922,-0.00566864013671875,-0.0002727031822222483
L10H2,6,control,4 + 2 =,0.26332855224609375,0.24405193328857422,-0.01927661895751953,20.156877517700195,20.222362518310547,0.06548500061035156,0.0032487671045700285
L10H2,6,control,5 + 1 =,0.06284618377685547,0.08519840240478516,0.022352218627929688,17.781740188598633,17.87507438659668,0.09333419799804688,0.005248878737857798
L10H2,10,double,5 + 5 =,0.6472272872924805,0.5418901443481445,-0.10533714294433594,17.93832015991211,17.993099212646484,0.054779052734375,0.003053744846008111
L10H2,10,control,1 + 9 =,0.12012290954589844,0.17023181915283203,0.050108909606933594,20.138668060302734,20.0594425201416,-0.07922554016113281,-0.003934000993705333
L10H2,10,control,2 + 8 =,0.22256851196289062,0.23364639282226562,0.011077880859375,20.900604248046875,20.856590270996094,-0.04401397705078125,-0.002105871032647024
L10H2,10,control,3 + 7 =,0.09288406372070312,0.11097049713134766,0.01808643341064453,21.237133026123047,21.180557250976562,-0.056575775146484375,-0.00266400248455818
L10H2,10,control,4 + 6 =,0.11002254486083984,0.11061954498291016,0.0005970001220703125,19.515268325805664,19.479135513305664,-0.0361328125,-0.0018515150238657197
L10H2,10,control,6 + 4 =,0.036098480224609375,0.03180408477783203,-0.004294395446777344,20.177825927734375,20.14858627319336,-0.029239654541015625,-0.001449098364002922
L10H2,10,control,7 + 3 =,0.09035205841064453,0.0875082015991211,-0.0028438568115234375,20.559181213378906,20.530277252197266,-0.028903961181640625,-0.0014058906763675658
L10H2,10,control,8 + 2 =,0.15376758575439453,0.14540863037109375,-0.008358955383300781,20.41806983947754,20.44060516357422,0.022535324096679688,0.0011036951226951197
L10H2,10,control,9 + 1 =,0.07496356964111328,0.09032726287841797,0.015363693237304688,18.91706085205078,18.946319580078125,0.02925872802734375,0.0015466846703182137
L10H2,12,double,6 + 6 =,0.4012012481689453,0.3494424819946289,-0.051758766174316406,19.649988174438477,19.58896255493164,-0.06102561950683594,-0.0031056313604412547
L10H2,12,control,3 + 9 =,0.18845558166503906,0.20486736297607422,0.016411781311035156,19.860172271728516,19.822736740112305,-0.03743553161621094,-0.0018849550297960615
L10H2,12,control,4 + 8 =,0.3581418991088867,0.3393592834472656,-0.018782615661621094,19.889331817626953,19.894399642944336,0.0050678253173828125,0.0002548011850700507
L10H2,12,control,5 + 7 =,0.22242450714111328,0.2380971908569336,0.015672683715820312,20.14799690246582,20.150415420532227,0.00241851806640625,0.00012003764335055357
L10H2,12,control,7 + 5 =,0.16164302825927734,0.1749887466430664,0.013345718383789062,18.695199966430664,18.6622257232666,-0.0329742431640625,-0.0017637812499075413
L10H2,12,control,8 + 4 =,0.3625373840332031,0.3426475524902344,-0.01988983154296875,20.03166961669922,20.045503616333008,0.013833999633789062,0.0006906064196594214
L10H2,12,control,9 + 3 =,0.12570762634277344,0.1409931182861328,0.015285491943359375,21.250240325927734,21.229045867919922,-0.0211944580078125,-0.0009973749794233069
L10H2,16,double,8 + 8 =,0.7189979553222656,0.651606559753418,-0.06739139556884766,19.298614501953125,19.310468673706055,0.011854171752929688,0.0006142498857485329
L10H2,16,control,7 + 9 =,0.08139896392822266,0.10674476623535156,0.025345802307128906,19.07692527770996,19.030736923217773,-0.0461883544921875,-0.0024211634642273996
L10H2,16,control,9 + 7 =,-0.007686614990234375,0.0049114227294921875,0.012598037719726562,20.97355842590332,20.913301467895508,-0.0602569580078125,-0.0028729964073903815
L8H11,4,double,2 + 2 =,0.25147533416748047,0.2344217300415039,-0.017053604125976562,20.642011642456055,20.74065589904785,0.09864425659179688,0.0047788102390615575
L8H11,4,control,1 + 3 =,0.3214998245239258,0.31467723846435547,-0.0068225860595703125,20.199615478515625,20.2928524017334,0.09323692321777344,0.004615777132834065
L8H11,4,control,3 + 1 =,0.08419418334960938,0.09665679931640625,0.012462615966796875,18.926305770874023,19.028535842895508,0.10223007202148438,0.00540148052446705
L8H11,6,double,3 + 3 =,0.23001956939697266,0.23421382904052734,0.0041942596435546875,20.46927261352539,20.628463745117188,0.15919113159179688,0.007777078091510143
L8H11,6,control,1 + 5 =,0.16054725646972656,0.17925643920898438,0.018709182739257812,18.30092430114746,18.329957962036133,0.029033660888671875,0.001586458717107063
L8H11,6,control,2 + 4 =,0.36614990234375,0.35327625274658203,-0.012873649597167969,20.786849975585938,20.886491775512695,0.09964179992675781,0.004793501663012273
L8H11,6,control,4 + 2 =,0.26332855224609375,0.25221824645996094,-0.011110305786132812,20.156877517700195,20.17595100402832,0.019073486328125,0.0009462520329042112
L8H11,6,control,5 + 1 =,0.06284618377685547,0.10091590881347656,0.038069725036621094,17.781740188598633,17.778369903564453,-0.0033702850341796875,-0.00018953628826163258
L8H11,10,double,5 + 5 =,0.6472272872924805,0.5890445709228516,-0.058182716369628906,17.93832015991211,17.936817169189453,-0.00150299072265625,-8.378659257153173e-05
L8H11,10,control,1 + 9 =,0.12012290954589844,0.1332416534423828,0.013118743896484375,20.138668060302734,20.082361221313477,-0.05630683898925781,-0.0027959564565369463
L8H11,10,control,2 + 8 =,0.22256851196289062,0.2026224136352539,-0.01994609832763672,20.900604248046875,20.987953186035156,0.08734893798828125,0.004179254195315614
L8H11,10,control,3 + 7 =,0.09288406372070312,0.08605098724365234,-0.006833076477050781,21.237133026123047,21.30463218688965,0.06749916076660156,0.0031783556040061167
L8H11,10,control,4 + 6 =,0.11002254486083984,0.10774707794189453,-0.0022754669189453125,19.515268325805664,19.506261825561523,-0.009006500244140625,-0.00046151044883308327
L8H11,10,control,6 + 4 =,0.036098480224609375,0.030492782592773438,-0.0056056976318359375,20.177825927734375,20.073062896728516,-0.10476303100585938,-0.005191988045741976
L8H11,10,control,7 + 3 =,0.09035205841064453,0.09047985076904297,0.0001277923583984375,20.559181213378906,20.52305030822754,-0.03613090515136719,-0.0017574097322443447
L8H11,10,control,8 + 2 =,0.15376758575439453,0.14757251739501953,-0.006195068359375,20.41806983947754,20.379194259643555,-0.038875579833984375,-0.0019039791782286867
L8H11,10,control,9 + 1 =,0.07496356964111328,0.12403106689453125,0.04906749725341797,18.91706085205078,18.85219383239746,-0.06486701965332031,-0.0034290220960138287
L8H11,12,double,6 + 6 =,0.4012012481689453,0.37499332427978516,-0.026207923889160156,19.649988174438477,19.50873374938965,-0.14125442504882812,-0.007188524684843208
L8H11,12,control,3 + 9 =,0.18845558166503906,0.1975231170654297,0.009067535400390625,19.860172271728516,19.92508316040039,0.064910888671875,0.0032683950463147484
L8H11,12,control,4 + 8 =,0.3581418991088867,0.3364849090576172,-0.02165699005126953,19.889331817626953,19.899311065673828,0.009979248046875,0.0005017387279964264
L8H11,12,control,5 + 7 =,0.22242450714111328,0.23251056671142578,0.0100860595703125,20.14799690246582,20.143020629882812,-0.0049762725830078125,-0.0002469859712157683
L8H11,12,control,7 + 5 =,0.16164302825927734,0.1812763214111328,0.01963329315185547,18.695199966430664,18.654361724853516,-0.04083824157714844,-0.0021844238976035614
L8H11,12,control,8 + 4 =,0.3625373840332031,0.3413858413696289,-0.02115154266357422,20.03166961669922,19.99395751953125,-0.03771209716796875,-0.0018826237597554228
L8H11,12,control,9 + 3 =,0.12570762634277344,0.14666748046875,0.020959854125976562,21.250240325927734,21.21387481689453,-0.036365509033203125,-0.0017112987182941657
L8H11,16,double,8 + 8 =,0.7189979553222656,0.6631679534912109,-0.05583000183105469,19.298614501953125,19.2387638092041,-0.05985069274902344,-0.0031012947972491093
L8H11,16,control,7 + 9 =,0.08139896392822266,0.09825801849365234,0.016859054565429688,19.07692527770996,18.992746353149414,-0.08417892456054688,-0.004412604407425341
L8H11,16,control,9 + 7 =,-0.007686614990234375,-0.002971649169921875,0.0047149658203125,20.97355842590332,20.906490325927734,-0.06706809997558594,-0.003197745399881868
L10H7,4,double,2 + 2 =,0.25147533416748047,0.2303180694580078,-0.021157264709472656,20.642011642456055,20.629615783691406,-0.012395858764648438,-0.000600516024278995
L10H7,4,control,1 + 3 =,0.3214998245239258,0.26902198791503906,-0.05247783660888672,20.199615478515625,20.157573699951172,-0.042041778564453125,-0.002081315785895474
L10H7,4,control,3 + 1 =,0.08419418334960938,0.05793571472167969,-0.026258468627929688,18.926305770874023,18.912973403930664,-0.013332366943359375,-0.0007044357786862324
L10H7,6,double,3 + 3 =,0.23001956939697266,0.2077770233154297,-0.02224254608154297,20.46927261352539,20.472354888916016,0.003082275390625,0.0001505806019012292
L10H7,6,control,1 + 5 =,0.16054725646972656,0.13637161254882812,-0.024175643920898438,18.30092430114746,18.270835876464844,-0.030088424682617188,-0.001644093171880431
L10H7,6,control,2 + 4 =,0.36614990234375,0.37633514404296875,0.01018524169921875,20.786849975585938,20.780433654785156,-0.00641632080078125,-0.0003086721080066095
L10H7,6,control,4 + 2 =,0.26332855224609375,0.27523136138916016,0.011902809143066406,20.156877517700195,20.15410041809082,-0.002777099609375,-0.00013777429599085315
L10H7,6,control,5 + 1 =,0.06284618377685547,0.031807899475097656,-0.031038284301757812,17.781740188598633,17.785783767700195,0.0040435791015625,0.00022740064013280196
L10H7,10,double,5 + 5 =,0.6472272872924805,0.6882400512695312,0.04101276397705078,17.93832015991211,17.954458236694336,0.016138076782226562,0.0008996425885123478
L10H7,10,control,1 + 9 =,0.12012290954589844,0.08451557159423828,-0.035607337951660156,20.138668060302734,20.092395782470703,-0.04627227783203125,-0.0022976831284707943
L10H7,10,control,2 + 8 =,0.22256851196289062,0.24190807342529297,0.019339561462402344,20.900604248046875,20.869754791259766,-0.030849456787109375,-0.00147600789053705
L10H7,10,control,3 + 7 =,0.09288406372070312,0.08530902862548828,-0.007575035095214844,21.237133026123047,21.248111724853516,0.01097869873046875,0.0005169576664121395
L10H7,10,control,4 + 6 =,0.11002254486083984,0.11461162567138672,0.004589080810546875,19.515268325805664,19.509143829345703,-0.0061244964599609375,-0.00031383101465544904
L10H7,10,control,6 + 4 =,0.036098480224609375,0.038555145263671875,0.0024566650390625,20.177825927734375,20.191659927368164,0.013833999633789062,0.0006856040726753551
L10H7,10,control,7 + 3 =,0.09035205841064453,0.0870218276977539,-0.003330230712890625,20.559181213378906,20.596935272216797,0.037754058837890625,0.0018363600401227135
L10H7,10,control,8 + 2 =,0.15376758575439453,0.1734447479248047,0.019677162170410156,20.41806983947754,20.443458557128906,0.025388717651367188,0.0012434435698852931
L10H7,10,control,9 + 1 =,0.07496356964111328,0.05825233459472656,-0.01671123504638672,18.91706085205078,18.931665420532227,0.014604568481445312,0.0007720315854384982
L10H7,12,double,6 + 6 =,0.4012012481689453,0.4276008605957031,0.026399612426757812,19.649988174438477,19.642192840576172,-0.0077953338623046875,-0.00039670934115091137
L10H7,12,control,3 + 9 =,0.18845558166503906,0.17594623565673828,-0.012509346008300781,19.860172271728516,19.846603393554688,-0.013568878173828125,-0.0006832205676857992
L10H7,12,control,4 + 8 =,0.3581418991088867,0.3610267639160156,0.0028848648071289062,19.889331817626953,19.867067337036133,-0.022264480590820312,-0.001119418228574596
L10H7,12,control,5 + 7 =,0.22242450714111328,0.19344711303710938,-0.028977394104003906,20.14799690246582,20.164783477783203,0.016786575317382812,0.0008331634851168942
L10H7,12,control,7 + 5 =,0.16164302825927734,0.1358633041381836,-0.02577972412109375,18.695199966430664,18.732030868530273,0.036830902099609375,0.0019700726478317112
L10H7,12,control,8 + 4 =,0.3625373840332031,0.37038612365722656,0.007848739624023438,20.03166961669922,20.049036026000977,0.017366409301757812,0.0008669476700674248
L10H7,12,control,9 + 3 =,0.12570762634277344,0.1165170669555664,-0.009190559387207031,21.250240325927734,21.2753963470459,0.025156021118164062,0.0011837993703756294
L10H7,16,double,8 + 8 =,0.7189979553222656,0.7875070571899414,0.06850910186767578,19.298614501953125,19.29650115966797,-0.00211334228515625,-0.0001095074615300683
L10H7,16,control,7 + 9 =,0.08139896392822266,0.060916900634765625,-0.02048206329345703,19.07692527770996,19.104995727539062,0.028070449829101562,0.0014714347003235316
L10H7,16,control,9 + 7 =,-0.007686614990234375,-0.015809059143066406,-0.008122444152832031,20.97355842590332,21.013959884643555,0.040401458740234375,0.0019263044410402334
9_mlp_out,4,double,2 + 2 =,0.25147533416748047,0.2228097915649414,-0.028665542602539062,20.642011642456055,20.932113647460938,0.2901020050048828,0.014053959954571827
9_mlp_out,4,control,1 + 3 =,0.3214998245239258,0.21319007873535156,-0.10830974578857422,20.199615478515625,20.4107608795166,0.21114540100097656,0.010452941603049399
9_mlp_out,4,control,3 + 1 =,0.08419418334960938,0.08751964569091797,0.0033254623413085938,18.926305770874023,19.11371421813965,0.187408447265625,0.009902008851301065
9_mlp_out,6,double,3 + 3 =,0.23001956939697266,0.23200511932373047,0.0019855499267578125,20.46927261352539,20.373188018798828,-0.0960845947265625,-0.004694089357287328
9_mlp_out,6,control,1 + 5 =,0.16054725646972656,0.11751937866210938,-0.04302787780761719,18.30092430114746,19.26353645324707,0.9626121520996094,0.052599100256332625
9_mlp_out,6,control,2 + 4 =,0.36614990234375,0.3543062210083008,-0.011843681335449219,20.786849975585938,20.2661075592041,-0.5207424163818359,-0.025051530991633923
9_mlp_out,6,control,4 + 2 =,0.26332855224609375,0.3013916015625,0.03806304931640625,20.156877517700195,19.940288543701172,-0.21658897399902344,-0.01074516495964377
9_mlp_out,6,control,5 + 1 =,0.06284618377685547,0.13380146026611328,0.07095527648925781,17.781740188598633,18.528141021728516,0.7464008331298828,0.04197569108609871
9_mlp_out,10,double,5 + 5 =,0.6472272872924805,0.5193843841552734,-0.12784290313720703,17.93832015991211,18.592166900634766,0.6538467407226562,0.03644971964453219
9_mlp_out,10,control,1 + 9 =,0.12012290954589844,0.12359333038330078,0.0034704208374023438,20.138668060302734,20.02273178100586,-0.115936279296875,-0.00575689906351891
9_mlp_out,10,control,2 + 8 =,0.22256851196289062,0.22841644287109375,0.005847930908203125,20.900604248046875,20.632648468017578,-0.2679557800292969,-0.012820480061208606
9_mlp_out,10,control,3 + 7 =,0.09288406372070312,0.10197925567626953,0.009095191955566406,21.237133026123047,20.598705291748047,-0.638427734375,-0.03006186068475875
9_mlp_out,10,control,4 + 6 =,0.11002254486083984,0.09526252746582031,-0.014760017395019531,19.515268325805664,19.651611328125,0.13634300231933594,0.006986478486644492
9_mlp_out,10,control,6 + 4 =,0.036098480224609375,0.049727439880371094,0.013628959655761719,20.177825927734375,19.939727783203125,-0.23809814453125,-0.011799990017952561
9_mlp_out,10,control,7 + 3 =,0.09035205841064453,0.07827377319335938,-0.012078285217285156,20.559181213378906,20.258403778076172,-0.3007774353027344,-0.01462983531206988
9_mlp_out,10,control,8 + 2 =,0.15376758575439453,0.17956161499023438,0.025794029235839844,20.41806983947754,20.274404525756836,-0.14366531372070312,-0.00703618485244535
9_mlp_out,10,control,9 + 1 =,0.07496356964111328,0.0880279541015625,0.013064384460449219,18.91706085205078,19.135236740112305,0.21817588806152344,0.011533286791635561
9_mlp_out,12,double,6 + 6 =,0.4012012481689453,0.4183502197265625,0.017148971557617188,19.649988174438477,19.97332763671875,0.32333946228027344,0.01645494436993539
9_mlp_out,12,control,3 + 9 =,0.18845558166503906,0.20065021514892578,0.012194633483886719,19.860172271728516,19.54110336303711,-0.31906890869140625,-0.01606576742265269
9_mlp_out,12,control,4 + 8 =,0.3581418991088867,0.33806896209716797,-0.02007293701171875,19.889331817626953,19.619487762451172,-0.26984405517578125,-0.013567276047787161
9_mlp_out,12,control,5 + 7 =,0.22242450714111328,0.22977447509765625,0.007349967956542969,20.14799690246582,19.845443725585938,-0.3025531768798828,-0.015016538782714162
9_mlp_out,12,control,7 + 5 =,0.16164302825927734,0.19793319702148438,0.03629016876220703,18.695199966430664,19.121946334838867,0.4267463684082031,0.0228265206670415
9_mlp_out,12,control,8 + 4 =,0.3625373840332031,0.37857627868652344,0.016038894653320312,20.03166961669922,19.8919734954834,-0.1396961212158203,-0.006973763240352362
9_mlp_out,12,control,9 + 3 =,0.12570762634277344,0.14922809600830078,0.023520469665527344,21.250240325927734,20.449039459228516,-0.8012008666992188,-0.03770314379558624
9_mlp_out,16,double,8 + 8 =,0.7189979553222656,0.6117477416992188,-0.10725021362304688,19.298614501953125,19.663835525512695,0.3652210235595703,0.018924727654547842
9_mlp_out,16,control,7 + 9 =,0.08139896392822266,0.06255245208740234,-0.018846511840820312,19.07692527770996,19.136409759521484,0.05948448181152344,0.0031181377997547043
9_mlp_out,16,control,9 + 7 =,-0.007686614990234375,0.01659679412841797,0.024283409118652344,20.97355842590332,20.249731063842773,-0.7238273620605469,-0.034511423734686165
L6H9,4,double,2 + 2 =,0.25147533416748047,0.2483205795288086,-0.003154754638671875,20.642011642456055,20.659242630004883,0.017230987548828125,0.0008347533102533376
L6H9,4,control,1 + 3 =,0.3214998245239258,0.3050708770751953,-0.01642894744873047,20.199615478515625,20.13128662109375,-0.068328857421875,-0.003382681095813422
L6H9,4,control,3 + 1 =,0.08419418334960938,0.08931541442871094,0.0051212310791015625,18.926305770874023,18.94673728942871,0.0204315185546875,0.0010795301947477713
L6H9,6,double,3 + 3 =,0.23001956939697266,0.22914505004882812,-0.0008745193481445312,20.46927261352539,20.436988830566406,-0.032283782958984375,-0.001577182715210523
L6H9,6,control,1 + 5 =,0.16054725646972656,0.17370033264160156,0.013153076171875,18.30092430114746,18.322904586791992,0.02198028564453125,0.001201047842329641
L6H9,6,control,2 + 4 =,0.36614990234375,0.3508033752441406,-0.015346527099609375,20.786849975585938,20.8945369720459,0.10768699645996094,0.005180534645049098
L6H9,6,control,4 + 2 =,0.26332855224609375,0.2721109390258789,0.008782386779785156,20.156877517700195,20.175626754760742,0.018749237060546875,0.0009301657483448396
L6H9,6,control,5 + 1 =,0.06284618377685547,0.06827449798583984,0.005428314208984375,17.781740188598633,17.789133071899414,0.00739288330078125,0.00041575701941261344
L6H9,10,double,5 + 5 =,0.6472272872924805,0.626307487487793,-0.0209197998046875,17.93832015991211,17.958866119384766,0.02054595947265625,0.0011453669735793654
L6H9,10,control,1 + 9 =,0.12012290954589844,0.1458263397216797,0.02570343017578125,20.138668060302734,19.956924438476562,-0.18174362182617188,-0.00902460983427321
L6H9,10,control,2 + 8 =,0.22256851196289062,0.22124862670898438,-0.00131988525390625,20.900604248046875,20.879974365234375,-0.0206298828125,-0.0009870471957492725
L6H9,10,control,3 + 7 =,0.09288406372070312,0.09320831298828125,0.000324249267578125,21.237133026123047,21.216415405273438,-0.020717620849609375,-0.0009755375560404204
L6H9,10,control,4 + 6 =,0.11002254486083984,0.1099700927734375,-5.245208740234375e-05,19.515268325805664,19.554594039916992,0.039325714111328125,0.0020151254625244623
L6H9,10,control,6 + 4 =,0.036098480224609375,0.03473186492919922,-0.0013666152954101562,20.177825927734375,20.219650268554688,0.0418243408203125,0.0020727872750069196
L6H9,10,control,7 + 3 =,0.09035205841064453,0.0881509780883789,-0.002201080322265625,20.559181213378906,20.577985763549805,0.018804550170898438,0.0009146546244099137
L6H9,10,control,8 + 2 =,0.15376758575439453,0.14958763122558594,-0.004179954528808594,20.41806983947754,20.456905364990234,0.03883552551269531,0.0019020174687427282
L6H9,10,control,9 + 1 =,0.07496356964111328,0.06504058837890625,-0.009922981262207031,18.91706085205078,18.938194274902344,0.0211334228515625,0.0011171620695649158
L6H9,12,double,6 + 6 =,0.4012012481689453,0.39107513427734375,-0.010126113891601562,19.649988174438477,19.656063079833984,0.0060749053955078125,0.0003091556769184372
L6H9,12,control,3 + 9 =,0.18845558166503906,0.1906595230102539,0.0022039413452148438,19.860172271728516,19.888744354248047,0.02857208251953125,0.0014386623705275896
L6H9,12,control,4 + 8 =,0.3581418991088867,0.36148834228515625,0.0033464431762695312,19.889331817626953,19.892995834350586,0.0036640167236328125,0.00018422020192682248
L6H9,12,control,5 + 7 =,0.22242450714111328,0.2293081283569336,0.0068836212158203125,20.14799690246582,20.123443603515625,-0.024553298950195312,-0.0012186471473593658
L6H9,12,control,7 + 5 =,0.16164302825927734,0.1602334976196289,-0.0014095306396484375,18.695199966430664,18.72954559326172,0.03434562683105469,0.0018371361040655423
L6H9,12,control,8 + 4 =,0.3625373840332031,0.36215782165527344,-0.0003795623779296875,20.03166961669922,20.079755783081055,0.04808616638183594,0.002400507162006573
L6H9,12,control,9 + 3 =,0.12570762634277344,0.12421131134033203,-0.0014963150024414062,21.250240325927734,21.25688362121582,0.0066432952880859375,0.0003126221250298216
L6H9,16,double,8 + 8 =,0.7189979553222656,0.697972297668457,-0.021025657653808594,19.298614501953125,19.26614761352539,-0.032466888427734375,-0.0016823429694628363
L6H9,16,control,7 + 9 =,0.08139896392822266,0.07887744903564453,-0.002521514892578125,19.07692527770996,19.117263793945312,0.04033851623535156,0.002114518752268966
L6H9,16,control,9 + 7 =,-0.007686614990234375,-0.008411407470703125,-0.00072479248046875,20.97355842590332,20.942630767822266,-0.030927658081054688,-0.0014746023279892072
11_mlp_out,4,double,2 + 2 =,0.25147533416748047,0.2709474563598633,0.019472122192382812,20.642011642456055,20.531505584716797,-0.11050605773925781,-0.005353453900392696
11_mlp_out,4,control,1 + 3 =,0.3214998245239258,0.28319549560546875,-0.03830432891845703,20.199615478515625,19.740880966186523,-0.45873451232910156,-0.022710061625530104
11_mlp_out,4,control,3 + 1 =,0.08419418334960938,0.0860586166381836,0.0018644332885742188,18.926305770874023,20.02330207824707,1.0969963073730469,0.05796145960302675
11_mlp_out,6,double,3 + 3 =,0.23001956939697266,0.1945505142211914,-0.03546905517578125,20.46927261352539,20.49141502380371,0.022142410278320312,0.0010817389897718871
11_mlp_out,6,control,1 + 5 =,0.16054725646972656,0.08919715881347656,-0.07135009765625,18.30092430114746,18.341482162475586,0.040557861328125,0.0022161646406887786
11_mlp_out,6,control,2 + 4 =,0.36614990234375,0.33721446990966797,-0.02893543243408203,20.786849975585938,20.12177276611328,-0.6650772094726562,-0.03199509354489913
11_mlp_out,6,control,4 + 2 =,0.26332855224609375,0.2594032287597656,-0.003925323486328125,20.156877517700195,20.218961715698242,0.062084197998046875,0.0030800503671032076
11_mlp_out,6,control,5 + 1 =,0.06284618377685547,0.05273628234863281,-0.010109901428222656,17.781740188598633,19.28123664855957,1.4994964599609375,0.08432788040185125
11_mlp_out,10,double,5 + 5 =,0.6472272872924805,0.6770610809326172,0.02983379364013672,17.93832015991211,18.949134826660156,1.0108146667480469,0.056349460692923625
11_mlp_out,10,control,1 + 9 =,0.12012290954589844,0.121734619140625,0.0016117095947265625,20.138668060302734,19.755712509155273,-0.38295555114746094,-0.01901593243409883
11_mlp_out,10,control,2 + 8 =,0.22256851196289062,0.19689083099365234,-0.02567768096923828,20.900604248046875,20.173831939697266,-0.7267723083496094,-0.03477278932820926
11_mlp_out,10,control,3 + 7 =,0.09288406372070312,0.038064002990722656,-0.05482006072998047,21.237133026123047,20.343088150024414,-0.8940448760986328,-0.042098190702054734
11_mlp_out,10,control,4 + 6 =,0.11002254486083984,0.08230781555175781,-0.02771472930908203,19.515268325805664,19.59157371520996,0.07630538940429688,0.003910035369762034
11_mlp_out,10,control,6 + 4 =,0.036098480224609375,0.021681785583496094,-0.014416694641113281,20.177825927734375,19.885635375976562,-0.2921905517578125,-0.014480774727875775
11_mlp_out,10,control,7 + 3 =,0.09035205841064453,0.07697677612304688,-0.013375282287597656,20.559181213378906,20.281160354614258,-0.27802085876464844,-0.013522953851086546
11_mlp_out,10,control,8 + 2 =,0.15376758575439453,0.16199398040771484,0.008226394653320312,20.41806983947754,20.27045440673828,-0.1476154327392578,-0.007229646773655811
11_mlp_out,10,control,9 + 1 =,0.07496356964111328,0.11097240447998047,0.03600883483886719,18.91706085205078,19.665258407592773,0.7481975555419922,0.03955146951175984
11_mlp_out,12,double,6 + 6 =,0.4012012481689453,0.41784095764160156,0.01663970947265625,19.649988174438477,20.01402473449707,0.36403656005859375,0.018526044739922424
11_mlp_out,12,control,3 + 9 =,0.18845558166503906,0.19185256958007812,0.0033969879150390625,19.860172271728516,19.9715576171875,0.11138534545898438,0.005608478312020706
11_mlp_out,12,control,4 + 8 =,0.3581418991088867,0.36263465881347656,0.004492759704589844,19.889331817626953,19.764619827270508,-0.12471199035644531,-0.006270295628831488
11_mlp_out,12,control,5 + 7 =,0.22242450714111328,0.2494487762451172,0.027024269104003906,20.14799690246582,19.862518310546875,-0.2854785919189453,-0.014169080594012147
11_mlp_out,12,control,7 + 5 =,0.16164302825927734,0.18484115600585938,0.02319812774658203,18.695199966430664,19.154272079467773,0.4590721130371094,0.024555613946971686
11_mlp_out,12,control,8 + 4 =,0.3625373840332031,0.36968421936035156,0.0071468353271484375,20.03166961669922,19.751689910888672,-0.2799797058105469,-0.013976853211334133
11_mlp_out,12,control,9 + 3 =,0.12570762634277344,0.12182426452636719,-0.00388336181640625,21.250240325927734,20.336833953857422,-0.9134063720703125,-0.042983343155693715
11_mlp_out,16,double,8 + 8 =,0.7189979553222656,0.7533855438232422,0.03438758850097656,19.298614501953125,19.744625091552734,0.4460105895996094,0.02311101605529613
11_mlp_out,16,control,7 + 9 =,0.08139896392822266,0.11841392517089844,0.03701496124267578,19.07692527770996,19.641496658325195,0.5645713806152344,0.029594464118119505
11_mlp_out,16,control,9 + 7 =,-0.007686614990234375,0.08055877685546875,0.08824539184570312,20.97355842590332,19.902006149291992,-1.0715522766113281,-0.0510906282497066
5_mlp_out,4,double,2 + 2 =,0.25147533416748047,0.24091720581054688,-0.010558128356933594,20.642011642456055,20.50240707397461,-0.1396045684814453,-0.0067631280758659
5_mlp_out,4,control,1 + 3 =,0.3214998245239258,0.30195045471191406,-0.01954936981201172,20.199615478515625,19.970487594604492,-0.2291278839111328,-0.011343180475630042
5_mlp_out,4,control,3 + 1 =,0.08419418334960938,0.08219146728515625,-0.002002716064453125,18.926305770874023,18.733856201171875,-0.19244956970214844,-0.01016836418221204
5_mlp_out,6,double,3 + 3 =,0.23001956939697266,0.24415016174316406,0.014130592346191406,20.46927261352539,20.206144332885742,-0.26312828063964844,-0.01285479389559658
5_mlp_out,6,control,1 + 5 =,0.16054725646972656,0.17789745330810547,0.017350196838378906,18.30092430114746,18.262834548950195,-0.038089752197265625,-0.002081302100947842
5_mlp_out,6,control,2 + 4 =,0.36614990234375,0.3454732894897461,-0.020676612854003906,20.786849975585938,20.93643569946289,0.14958572387695312,0.0071961708509293565
5_mlp_out,6,control,4 + 2 =,0.26332855224609375,0.25543880462646484,-0.007889747619628906,20.156877517700195,20.13772201538086,-0.019155502319335938,-0.0009503209166456993
5_mlp_out,6,control,5 + 1 =,0.06284618377685547,0.0742197036743164,0.011373519897460938,17.781740188598633,17.771312713623047,-0.010427474975585938,-0.0005864147639651077
5_mlp_out,10,double,5 + 5 =,0.6472272872924805,0.6615076065063477,0.014280319213867188,17.93832015991211,18.010486602783203,0.07216644287109375,0.0040230323813914655
5_mlp_out,10,control,1 + 9 =,0.12012290954589844,0.11030101776123047,-0.009821891784667969,20.138668060302734,20.309877395629883,0.17120933532714844,0.008501522286105685
5_mlp_out,10,control,2 + 8 =,0.22256851196289062,0.2227773666381836,0.00020885467529296875,20.900604248046875,20.873838424682617,-0.026765823364257812,-0.0012806243803577609
5_mlp_out,10,control,3 + 7 =,0.09288406372070312,0.08432769775390625,-0.008556365966796875,21.237133026123047,21.042890548706055,-0.1942424774169922,-0.009146360630602134
5_mlp_out,10,control,4 + 6 =,0.11002254486083984,0.12285137176513672,0.012828826904296875,19.515268325805664,19.66912078857422,0.1538524627685547,0.007883697021224692
5_mlp_out,10,control,6 + 4 =,0.036098480224609375,0.05624675750732422,0.020148277282714844,20.177825927734375,20.34610939025879,0.16828346252441406,0.008340019540614077
5_mlp_out,10,control,7 + 3 =,0.09035205841064453,0.09605216979980469,0.005700111389160156,20.559181213378906,20.331069946289062,-0.22811126708984375,-0.011095347850788927
5_mlp_out,10,control,8 + 2 =,0.15376758575439453,0.17018508911132812,0.016417503356933594,20.41806983947754,20.255542755126953,-0.16252708435058594,-0.007959963190856864
5_mlp_out,10,control,9 + 1 =,0.07496356964111328,0.016748428344726562,-0.05821514129638672,18.91706085205078,18.957199096679688,0.04013824462890625,0.002121801316960658
5_mlp_out,12,double,6 + 6 =,0.4012012481689453,0.4138622283935547,0.012660980224609375,19.649988174438477,19.6541748046875,0.0041866302490234375,0.00021306019178523377
5_mlp_out,12,control,3 + 9 =,0.18845558166503906,0.1872568130493164,-0.0011987686157226562,19.860172271728516,20.08114242553711,0.22097015380859375,0.011126295924590274
5_mlp_out,12,control,4 + 8 =,0.3581418991088867,0.3572072982788086,-0.000934600830078125,19.889331817626953,19.9359130859375,0.046581268310546875,0.002342022785766194
5_mlp_out,12,control,5 + 7 =,0.22242450714111328,0.23147010803222656,0.009045600891113281,20.14799690246582,20.02560043334961,-0.12239646911621094,-0.00607487035603184
5_mlp_out,12,control,7 + 5 =,0.16164302825927734,0.16347026824951172,0.001827239990234375,18.695199966430664,18.49906349182129,-0.196136474609375,-0.010491274496210798
5_mlp_out,12,control,8 + 4 =,0.3625373840332031,0.3636026382446289,0.0010652542114257812,20.03166961669922,20.226627349853516,0.19495773315429688,0.009732475469332428
5_mlp_out,12,control,9 + 3 =,0.12570762634277344,0.12809181213378906,0.002384185791015625,21.250240325927734,21.109214782714844,-0.14102554321289062,-0.006636421096886291
5_mlp_out,16,double,8 + 8 =,0.7189979553222656,0.7234363555908203,0.0044384002685546875,19.298614501953125,19.364896774291992,0.06628227233886719,0.003434561187392963
5_mlp_out,16,control,7 + 9 =,0.08139896392822266,0.06850433349609375,-0.012894630432128906,19.07692527770996,19.214601516723633,0.13767623901367188,0.007216898793147596
5_mlp_out,16,control,9 + 7 =,-0.007686614990234375,-0.012122154235839844,-0.004435539245605469,20.97355842590332,20.822633743286133,-0.1509246826171875,-0.007195950231830403
8_mlp_out,4,double,2 + 2 =,0.25147533416748047,0.2216320037841797,-0.02984333038330078,20.642011642456055,19.819644927978516,-0.8223667144775391,-0.0398394656839604
8_mlp_out,4,control,1 + 3 =,0.3214998245239258,0.27272605895996094,-0.048773765563964844,20.199615478515625,20.03673553466797,-0.16287994384765625,-0.008063517051643675
8_mlp_out,4,control,3 + 1 =,0.08419418334960938,0.10892581939697266,0.02473163604736328,18.926305770874023,19.33993911743164,0.4136333465576172,0.021854943672851557
8_mlp_out,6,double,3 + 3 =,0.23001956939697266,0.2486248016357422,0.01860523223876953,20.46927261352539,19.91890525817871,-0.5503673553466797,-0.02688748964059504
8_mlp_out,6,control,1 + 5 =,0.16054725646972656,0.14745140075683594,-0.013095855712890625,18.30092430114746,19.29429054260254,0.9933662414550781,0.05427956670979697
8_mlp_out,6,control,2 + 4 =,0.36614990234375,0.37166309356689453,0.005513191223144531,20.786849975585938,20.118595123291016,-0.6682548522949219,-0.032147961479482665
8_mlp_out,6,control,4 + 2 =,0.26332855224609375,0.24887657165527344,-0.014451980590820312,20.156877517700195,20.108625411987305,-0.048252105712890625,-0.0023938283928410737
8_mlp_out,6,control,5 + 1 =,0.06284618377685547,0.09741592407226562,0.034569740295410156,17.781740188598633,18.760507583618164,0.9787673950195312,0.055043397588673645
8_mlp_out,10,double,5 + 5 =,0.6472272872924805,0.5680389404296875,-0.07918834686279297,17.93832015991211,18.790740966796875,0.8524208068847656,0.0475195447113116
8_mlp_out,10,control,1 + 9 =,0.12012290954589844,0.10493183135986328,-0.015191078186035156,20.138668060302734,20.0255126953125,-0.11315536499023438,-0.005618810769977673
8_mlp_out,10,control,2 + 8 =,0.22256851196289062,0.22948932647705078,0.006920814514160156,20.900604248046875,20.122949600219727,-0.7776546478271484,-0.03720728064117184
8_mlp_out,10,control,3 + 7 =,0.09288406372070312,0.10341644287109375,0.010532379150390625,21.237133026123047,20.759662628173828,-0.47747039794921875,-0.022482808642856796
8_mlp_out,10,control,4 + 6 =,0.11002254486083984,0.09564399719238281,-0.014378547668457031,19.515268325805664,19.67483139038086,0.1595630645751953,0.008176319275313267
8_mlp_out,10,control,6 + 4 =,0.036098480224609375,0.058895111083984375,0.022796630859375,20.177825927734375,20.214426040649414,0.03660011291503906,0.001813877919559822
8_mlp_out,10,control,7 + 3 =,0.09035205841064453,0.10463619232177734,0.014284133911132812,20.559181213378906,20.397602081298828,-0.16157913208007812,-0.007859220189903787
8_mlp_out,10,control,8 + 2 =,0.15376758575439453,0.14992904663085938,-0.0038385391235351562,20.41806983947754,20.139240264892578,-0.27882957458496094,-0.013656020220180405
8_mlp_out,10,control,9 + 1 =,0.07496356964111328,0.055342674255371094,-0.019620895385742188,18.91706085205078,19.598440170288086,0.6813793182373047,0.036019301495424275
8_mlp_out,12,double,6 + 6 =,0.4012012481689453,0.37442874908447266,-0.026772499084472656,19.649988174438477,19.517704010009766,-0.13228416442871094,-0.0067320225973871925
8_mlp_out,12,control,3 + 9 =,0.18845558166503906,0.2039937973022461,0.015538215637207031,19.860172271728516,19.72918701171875,-0.13098526000976562,-0.006595373807317202
8_mlp_out,12,control,4 + 8 =,0.3581418991088867,0.37253284454345703,0.014390945434570312,19.889331817626953,19.77734375,-0.11198806762695312,-0.00563055957102106
8_mlp_out,12,control,5 + 7 =,0.22242450714111328,0.21015644073486328,-0.01226806640625,20.14799690246582,20.092449188232422,-0.05554771423339844,-0.0027569844537051824
8_mlp_out,12,control,7 + 5 =,0.16164302825927734,0.17377090454101562,0.012127876281738281,18.695199966430664,19.503150939941406,0.8079509735107422,0.04321702763070249
8_mlp_out,12,control,8 + 4 =,0.3625373840332031,0.3822450637817383,0.019707679748535156,20.03166961669922,20.09982681274414,0.06815719604492188,0.0034024720529587434
8_mlp_out,12,control,9 + 3 =,0.12570762634277344,0.14214706420898438,0.016439437866210938,21.250240325927734,21.063709259033203,-0.18653106689453125,-0.008777833287228377
8_mlp_out,16,double,8 + 8 =,0.7189979553222656,0.7042980194091797,-0.014699935913085938,19.298614501953125,19.010316848754883,-0.2882976531982422,-0.014938774654992196
8_mlp_out,16,control,7 + 9 =,0.08139896392822266,0.08592510223388672,0.0045261383056640625,19.07692527770996,19.0674991607666,-0.009426116943359375,-0.000494110911802602
8_mlp_out,16,control,9 + 7 =,-0.007686614990234375,0.008904457092285156,0.01659107208251953,20.97355842590332,20.889131546020508,-0.0844268798828125,-0.004025396080549754
L6H7,4,double,2 + 2 =,0.25147533416748047,0.23878860473632812,-0.012686729431152344,20.642011642456055,20.633214950561523,-0.00879669189453125,-0.00042615477826969146
L6H7,4,control,1 + 3 =,0.3214998245239258,0.31766319274902344,-0.0038366317749023438,20.199615478515625,20.398040771484375,0.19842529296875,0.009823221297444784
L6H7,4,control,3 + 1 =,0.08419418334960938,0.08429527282714844,0.0001010894775390625,18.926305770874023,19.002864837646484,0.07655906677246094,0.004045114123131141
L6H7,6,double,3 + 3 =,0.23001956939697266,0.22033977508544922,-0.009679794311523438,20.46927261352539,20.441205978393555,-0.028066635131835938,-0.0013711593793171953
L6H7,6,control,1 + 5 =,0.16054725646972656,0.1666412353515625,0.0060939788818359375,18.30092430114746,18.816448211669922,0.5155239105224609,0.028169282711591664
L6H7,6,control,2 + 4 =,0.36614990234375,0.3645954132080078,-0.0015544891357421875,20.786849975585938,20.7264404296875,-0.0604095458984375,-0.002906142391434404
L6H7,6,control,4 + 2 =,0.26332855224609375,0.2642345428466797,0.0009059906005859375,20.156877517700195,20.193206787109375,0.03632926940917969,0.0018023262470726511
L6H7,6,control,5 + 1 =,0.06284618377685547,0.07974815368652344,0.01690196990966797,17.781740188598633,17.97273063659668,0.19099044799804688,0.010740818725970751
L6H7,10,double,5 + 5 =,0.6472272872924805,0.6324357986450195,-0.014791488647460938,17.93832015991211,18.19061851501465,0.25229835510253906,0.014064770438559015
L6H7,10,control,1 + 9 =,0.12012290954589844,0.09417533874511719,-0.02594757080078125,20.138668060302734,20.256227493286133,0.11755943298339844,0.005837497923466505
L6H7,10,control,2 + 8 =,0.22256851196289062,0.20740032196044922,-0.015168190002441406,20.900604248046875,20.893207550048828,-0.007396697998046875,-0.00035389876341676026
L6H7,10,control,3 + 7 =,0.09288406372070312,0.0904855728149414,-0.0023984909057617188,21.237133026123047,21.079771041870117,-0.1573619842529297,-0.007409756489228762
L6H7,10,control,4 + 6 =,0.11002254486083984,0.10522079467773438,-0.004801750183105469,19.515268325805664,19.498769760131836,-0.016498565673828125,-0.0008454183359606459
L6H7,10,control,6 + 4 =,0.036098480224609375,0.049492835998535156,0.013394355773925781,20.177825927734375,20.261550903320312,0.0837249755859375,0.004149355628589189
L6H7,10,control,7 + 3 =,0.09035205841064453,0.10857105255126953,0.018218994140625,20.559181213378906,20.53002166748047,-0.0291595458984375,-0.0014183223347173912
L6H7,10,control,8 + 2 =,0.15376758575439453,0.15923213958740234,0.0054645538330078125,20.41806983947754,20.401525497436523,-0.016544342041015625,-0.0008102794324382116
L6H7,10,control,9 + 1 =,0.07496356964111328,0.08330821990966797,0.008344650268554688,18.91706085205078,19.043087005615234,0.12602615356445312,0.006662036695345871
L6H7,12,double,6 + 6 =,0.4012012481689453,0.4004945755004883,-0.0007066726684570312,19.649988174438477,19.731279373168945,0.08129119873046875,0.004136959168057706
L6H7,12,control,3 + 9 =,0.18845558166503906,0.18007850646972656,-0.0083770751953125,19.860172271728516,19.809043884277344,-0.051128387451171875,-0.00257441812445678
L6H7,12,control,4 + 8 =,0.3581418991088867,0.3470420837402344,-0.011099815368652344,19.889331817626953,19.835206985473633,-0.05412483215332031,-0.002721299672086123
L6H7,12,control,5 + 7 =,0.22242450714111328,0.22789955139160156,0.005475044250488281,20.14799690246582,20.014251708984375,-0.1337451934814453,-0.006638138477432308
L6H7,12,control,7 + 5 =,0.16164302825927734,0.16939449310302734,0.00775146484375,18.695199966430664,18.90337371826172,0.2081737518310547,0.011135144433055228
L6H7,12,control,8 + 4 =,0.3625373840332031,0.36165332794189453,-0.0008840560913085938,20.03166961669922,20.085359573364258,0.05368995666503906,0.0026802537028806084
L6H7,12,control,9 + 3 =,0.12570762634277344,0.1237640380859375,-0.0019435882568359375,21.250240325927734,21.29680633544922,0.046566009521484375,0.0021913168419403
L6H7,16,double,8 + 8 =,0.7189979553222656,0.6840553283691406,-0.034942626953125,19.298614501953125,19.342445373535156,0.04383087158203125,0.002271192658809539
L6H7,16,control,7 + 9 =,0.08139896392822266,0.09008407592773438,0.008685111999511719,19.07692527770996,19.009309768676758,-0.06761550903320312,-0.0035443609517204046
L6H7,16,control,9 + 7 =,-0.007686614990234375,0.0025691986083984375,0.010255813598632812,20.97355842590332,21.0669002532959,0.09334182739257812,0.004450452588784201
L11H2,4,double,2 + 2 =,0.25147533416748047,0.2517824172973633,0.0003070831298828125,20.642011642456055,20.63385009765625,-0.008161544799804688,-0.00039538514662099084
L11H2,4,control,1 + 3 =,0.3214998245239258,0.31652355194091797,-0.0049762725830078125,20.199615478515625,20.200105667114258,0.0004901885986328125,2.4267224252569493e-05
L11H2,4,control,3 + 1 =,0.08419418334960938,0.0831756591796875,-0.001018524169921875,18.926305770874023,18.922086715698242,-0.00421905517578125,-0.00022292016344119397
L11H2,6,double,3 + 3 =,0.23001956939697266,0.2314319610595703,0.0014123916625976562,20.46927261352539,20.45723533630371,-0.012037277221679688,-0.0005880657045783771
L11H2,6,control,1 + 5 =,0.16054725646972656,0.15758419036865234,-0.0029630661010742188,18.30092430114746,18.3038272857666,0.002902984619140625,0.00015862502742326566
L11H2,6,control,2 + 4 =,0.36614990234375,0.3639392852783203,-0.0022106170654296875,20.786849975585938,20.782394409179688,-0.00445556640625,-0.00021434543528639708
L11H2,6,control,4 + 2 =,0.26332855224609375,0.2599010467529297,-0.0034275054931640625,20.156877517700195,20.154077529907227,-0.00279998779296875,-0.0001389097984303382
L11H2,6,control,5 + 1 =,0.06284618377685547,0.06607627868652344,0.0032300949096679688,17.781740188598633,17.777511596679688,-0.0042285919189453125,-0.00023780529206340659
L11H2,10,double,5 + 5 =,0.6472272872924805,0.6391048431396484,-0.008122444152832031,17.93832015991211,17.931833267211914,-0.0064868927001953125,-0.0003616220829134257
L11H2,10,control,1 + 9 =,0.12012290954589844,0.1416330337524414,0.02151012420654297,20.138668060302734,20.14522933959961,0.006561279296875,0.0003258050272852239
L11H2,10,control,2 + 8 =,0.22256851196289062,0.21987152099609375,-0.002696990966796875,20.900604248046875,20.89802360534668,-0.0025806427001953125,-0.00012347215753039624
L11H2,10,control,3 + 7 =,0.09288406372070312,0.0902557373046875,-0.002628326416015625,21.237133026123047,21.234628677368164,-0.0025043487548828125,-0.00011792310910339459
L11H2,10,control,4 + 6 =,0.11002254486083984,0.10798931121826172,-0.002033233642578125,19.515268325805664,19.5158634185791,0.0005950927734375,3.049370182886954e-05
L11H2,10,control,6 + 4 =,0.036098480224609375,0.03359508514404297,-0.0025033950805664062,20.177825927734375,20.177993774414062,0.0001678466796875,8.318372865770199e-06
L11H2,10,control,7 + 3 =,0.09035205841064453,0.0845041275024414,-0.005847930908203125,20.559181213378906,20.56092071533203,0.001739501953125,8.460949563463245e-05
L11H2,10,control,8 + 2 =,0.15376758575439453,0.14884376525878906,-0.004923820495605469,20.41806983947754,20.421876907348633,0.00380706787109375,0.0001864558159034667
L11H2,10,control,9 + 1 =,0.07496356964111328,0.0882120132446289,0.013248443603515625,18.91706085205078,18.9215087890625,0.00444793701171875,0.00023512833449687578
L11H2,12,double,6 + 6 =,0.4012012481689453,0.3953237533569336,-0.005877494812011719,19.649988174438477,19.649864196777344,-0.0001239776611328125,-6.309299528947697e-06
L11H2,12,control,3 + 9 =,0.18845558166503906,0.19426536560058594,0.005809783935546875,19.860172271728516,19.85728645324707,-0.0028858184814453125,-0.00014530682020081728
L11H2,12,control,4 + 8 =,0.3581418991088867,0.35089111328125,-0.007250785827636719,19.889331817626953,19.8894100189209,7.82012939453125e-05,3.9318210718374395e-06
L11H2,12,control,5 + 7 =,0.22242450714111328,0.23593902587890625,0.013514518737792969,20.14799690246582,20.14256477355957,-0.00543212890625,-0.0002696113629829468
L11H2,12,control,7 + 5 =,0.16164302825927734,0.1769084930419922,0.015265464782714844,18.695199966430664,18.699609756469727,0.0044097900390625,0.00023587819584603396
L11H2,12,control,8 + 4 =,0.3625373840332031,0.34751129150390625,-0.015026092529296875,20.03166961669922,20.035789489746094,0.004119873046875,0.00020566798103741215
L11H2,12,control,9 + 3 =,0.12570762634277344,0.1285991668701172,0.00289154052734375,21.250240325927734,21.25200080871582,0.0017604827880859375,8.284531191574085e-05
L11H2,16,double,8 + 8 =,0.7189979553222656,0.6929912567138672,-0.026006698608398438,19.298614501953125,19.301658630371094,0.00304412841796875,0.00015773818465883484
L11H2,16,control,7 + 9 =,0.08139896392822266,0.08811759948730469,0.006718635559082031,19.07692527770996,19.080869674682617,0.00394439697265625,0.00020676272068146113
L11H2,16,control,9 + 7 =,-0.007686614990234375,-0.0016393661499023438,0.006047248840332031,20.97355842590332,20.976390838623047,0.0028324127197265625,0.00013504683669836402
