Target,Format,Double_Prompt,Double_Score,Mean_Control_Score,Advantage
4,digit+digit,2 + 2 =,0.2514801025390625,0.20284700393676758,0.04863309860229492
4,digit+word,2 + two =,0.5321798324584961,0.35520267486572266,0.17697715759277344
4,word+word,two + two =,0.4656400680541992,0.3660902976989746,0.09954977035522461
6,digit+digit,3 + 3 =,0.2300243377685547,0.21321725845336914,0.016807079315185547
6,digit+word,3 + three =,0.23794841766357422,0.18423128128051758,0.05371713638305664
6,word+word,three + three =,-0.08271980285644531,0.20711088180541992,-0.28983068466186523
8,digit+digit,4 + 4 =,0.6057052612304688,0.3147436777750651,0.2909615834554036
8,digit+word,4 + four =,0.995697021484375,0.45404990514119464,0.5416471163431804
8,word+word,four + four =,1.5421686172485352,0.3360230127970378,1.2061456044514973
10,digit+digit,5 + 5 =,0.6472272872924805,0.11259889602661133,0.5346283912658691
10,digit+word,5 + five =,1.328587532043457,0.39579248428344727,0.9327950477600098
10,word+word,five + five =,2.0567197799682617,0.46511614322662354,1.5916036367416382
12,digit+digit,6 + 6 =,0.4012031555175781,0.23648579915364584,0.16471735636393228
12,digit+word,6 + six =,0.9348201751708984,0.49875688552856445,0.436063289642334
12,word+word,six + six =,1.179947853088379,0.45893319447835285,0.7210146586100261
14,digit+digit,7 + 7 =,-0.23829078674316406,-0.23209023475646973,-0.006200551986694336
14,digit+word,7 + seven =,-0.16143035888671875,-0.19315648078918457,0.03172612190246582
14,word+word,seven + seven =,-0.31563854217529297,-0.16085410118103027,-0.1547844409942627
16,digit+digit,8 + 8 =,0.7190017700195312,0.03685569763183594,0.6821460723876953
16,digit+word,8 + eight =,1.2550640106201172,0.16358041763305664,1.0914835929870605
16,word+word,eight + eight =,1.9500541687011719,0.07092094421386719,1.8791332244873047
