T,type,prompt,score
4,control,1 + 3 =,0.3214998245239258
4,control,3 + 1 =,0.08419418334960938
4,double,2 + 2 =,0.2514801025390625
6,control,1 + 5 =,0.16054725646972656
6,control,2 + 4 =,0.3661518096923828
6,control,4 + 2 =,0.26332759857177734
6,control,5 + 1 =,0.06284236907958984
6,double,3 + 3 =,0.2300243377685547
8,control,1 + 7 =,0.26271820068359375
8,control,2 + 6 =,0.4289131164550781
8,control,3 + 5 =,0.41165924072265625
8,control,5 + 3 =,0.30405235290527344
8,control,6 + 2 =,0.2745933532714844
8,control,7 + 1 =,0.2065258026123047
8,double,4 + 4 =,0.6057052612304688
10,control,1 + 9 =,0.12012481689453125
10,control,2 + 8 =,0.22257041931152344
10,control,3 + 7 =,0.09288215637207031
10,control,4 + 6 =,0.11002159118652344
10,control,6 + 4 =,0.03609943389892578
10,control,7 + 3 =,0.09035491943359375
10,control,8 + 2 =,0.15377044677734375
10,control,9 + 1 =,0.0749673843383789
10,double,5 + 5 =,0.6472272872924805
12,control,3 + 9 =,0.18845748901367188
12,control,4 + 8 =,0.3581380844116211
12,control,5 + 7 =,0.2224254608154297
12,control,7 + 5 =,0.16164493560791016
12,control,8 + 4 =,0.36254119873046875
12,control,9 + 3 =,0.12570762634277344
12,double,6 + 6 =,0.4012031555175781
14,control,5 + 9 =,-0.29747867584228516
14,control,6 + 8 =,-0.17884063720703125
14,control,8 + 6 =,-0.21446704864501953
14,control,9 + 5 =,-0.23757457733154297
14,double,7 + 7 =,-0.23829078674316406
16,control,7 + 9 =,0.08139801025390625
16,control,9 + 7 =,-0.007686614990234375
16,double,8 + 8 =,0.7190017700195312
