"file","produced_by","rows","sha256","status","notes"
"data/current/addition_grid_79cell.csv","historical repository artifact","79","53104b52324438a0c204ad86952f9f6ec139e0ffd133df3a058dd0f139ba2456","reported_artifact","79 prompt rows; source run not independently regenerated."
"data/current/doubles_scan_scores.csv","notebooks/00_full_record.ipynb, cell 139; earlier artifact present","39","362bc9ecb633d3928c70697afb154384b740c49721a5ff46ea9578a0a354ff8d","existing_run_match_not_verified","39 prompt rows; the notebook writes this basename, but the committed file has not been byte/value-compared to that run."
"data/current/operator_swap_results.json","historical repository artifact","3","aad0e96010e1b28699b140026e93bed5e1d235c5a5930faa3e2b2820de18c083","aggregate_only","No prompt-level operator scores; aggregate source is documented."
"data/current/variance_scaling.csv","notebooks/00_full_record.ipynb, cell 144; earlier artifact present","21","a2bc2f9937d7c8e93644f65e8d48ace054bd533e9ce6431f593cb541d4f95a68","existing_run_match_not_verified","21 target-format rows; prompt-level control scores are unavailable. The final notebook writes this basename, but the committed file has not been byte/value-compared to that run."
"Colab output/equal_operand_primary_target_summary.csv","notebooks/00_full_record.ipynb, cell 130","","","not_in_repository","The notebook writes this output during execution; retrieve it from the saved Colab runtime before treating it as committed data."
"Colab output/equal_operand_primary_inference.csv","notebooks/00_full_record.ipynb, cell 131","","","not_in_repository","The notebook writes this output during execution; retrieve it from the saved Colab runtime before treating it as committed data."
"Colab output/equal_operand_parity_control.csv","notebooks/00_full_record.ipynb, cell 132","","","not_in_repository","The notebook writes this output during execution; retrieve it from the saved Colab runtime before treating it as committed data."
"Colab output/equal_operand_parity_control_inference.csv","notebooks/00_full_record.ipynb, cell 132","","","not_in_repository","The notebook writes this output during execution; retrieve it from the saved Colab runtime before treating it as committed data."
"Colab output/equal_operand_format_advantages.csv","notebooks/00_full_record.ipynb, cell 133","","","not_in_repository","The notebook writes this output during execution; retrieve it from the saved Colab runtime before treating it as committed data."
"Colab output/equal_operand_format_pairwise_tests.csv","notebooks/00_full_record.ipynb, cell 133","","","not_in_repository","The notebook writes this output during execution; retrieve it from the saved Colab runtime before treating it as committed data."
"Colab output/equal_operand_operator_advantages.csv","notebooks/00_full_record.ipynb, cell 134","","","not_in_repository","The notebook writes this output during execution; retrieve it from the saved Colab runtime before treating it as committed data."
"Colab output/equal_operand_operator_pairwise.csv","notebooks/00_full_record.ipynb, cell 134","","","not_in_repository","The notebook writes this output during execution; retrieve it from the saved Colab runtime before treating it as committed data."
"Colab output/equal_operand_plus_vs_others.csv","notebooks/00_full_record.ipynb, cell 134","","","not_in_repository","The notebook writes this output during execution; retrieve it from the saved Colab runtime before treating it as committed data."
"Colab output/equal_operand_circuit_dataset.csv","notebooks/00_full_record.ipynb, cell 145","","","not_in_repository","The notebook writes this output during execution; retrieve it from the saved Colab runtime before treating it as committed data."
"Colab output/equal_operand_tokenization_audit.csv","notebooks/00_full_record.ipynb, cell 146","","","not_in_repository","The notebook writes this output during execution; retrieve it from the saved Colab runtime before treating it as committed data."
"Colab output/equal_operand_behavioral_map.csv","notebooks/00_full_record.ipynb, cell 147","","","not_in_repository","The notebook writes this output during execution; retrieve it from the saved Colab runtime before treating it as committed data."
"Colab output/corpus_raw_api_query_log.csv","notebooks/00_full_record.ipynb, cell 148","","","not_in_repository","The notebook writes this output during execution; retrieve it from the saved Colab runtime before treating it as committed data."
"Colab output/corpus_raw_target_summary_no_floor.csv","notebooks/00_full_record.ipynb, cell 148","","","not_in_repository","The notebook writes this output during execution; retrieve it from the saved Colab runtime before treating it as committed data."
"Colab output/equal_operand_population_dla.csv","notebooks/00_full_record.ipynb, cell 149","","","not_in_repository","The notebook writes this output during execution; retrieve it from the saved Colab runtime before treating it as committed data."
"Colab output/equal_operand_component_dla_stats.csv","notebooks/00_full_record.ipynb, cell 150","","","not_in_repository","The notebook writes this output during execution; retrieve it from the saved Colab runtime before treating it as committed data."
"Colab output/equal_operand_dla_candidates.csv","notebooks/00_full_record.ipynb, cell 151","","","not_in_repository","The notebook writes this output during execution; retrieve it from the saved Colab runtime before treating it as committed data."
"Colab output/equal_operand_mean_ablation_screen.csv","notebooks/00_full_record.ipynb, cell 152","","","not_in_repository","The notebook writes this output during execution; retrieve it from the saved Colab runtime before treating it as committed data."
"Colab output/equal_operand_causal_specificity.csv","notebooks/00_full_record.ipynb, cell 153","","","not_in_repository","The notebook writes this output during execution; retrieve it from the saved Colab runtime before treating it as committed data."
"Colab output/equal_operand_activation_patch.csv","notebooks/00_full_record.ipynb, cell 155","","","not_in_repository","The notebook writes this output during execution; retrieve it from the saved Colab runtime before treating it as committed data."
"Colab output/equal_operand_activation_patch_summary.csv","notebooks/00_full_record.ipynb, cell 155","","","not_in_repository","The notebook writes this output during execution; retrieve it from the saved Colab runtime before treating it as committed data."
"Colab output/equal_operand_position_patch.csv","notebooks/00_full_record.ipynb, cell 156","","","not_in_repository","The notebook writes this output during execution; retrieve it from the saved Colab runtime before treating it as committed data."
"Colab output/equal_operand_position_patch_summary.csv","notebooks/00_full_record.ipynb, cell 156","","","not_in_repository","The notebook writes this output during execution; retrieve it from the saved Colab runtime before treating it as committed data."
"Colab output/equal_operand_attention_edge_intervention.csv","notebooks/00_full_record.ipynb, cell 157","","","not_in_repository","The notebook writes this output during execution; retrieve it from the saved Colab runtime before treating it as committed data."
"Colab output/equal_operand_attention_edge_intervention_summary.csv","notebooks/00_full_record.ipynb, cell 157","","","not_in_repository","The notebook writes this output during execution; retrieve it from the saved Colab runtime before treating it as committed data."
"Colab output/equal_operand_proposed_circuit_effects.csv","notebooks/00_full_record.ipynb, cell 159","","","not_in_repository","The notebook writes this output during execution; retrieve it from the saved Colab runtime before treating it as committed data."
"Colab output/equal_operand_proposed_circuit_discovery.csv","notebooks/00_full_record.ipynb, cell 159","","","not_in_repository","The notebook writes this output during execution; retrieve it from the saved Colab runtime before treating it as committed data."
"Colab output/equal_operand_proposed_circuit_components.csv","notebooks/00_full_record.ipynb, cell 159","","","not_in_repository","The notebook writes this output during execution; retrieve it from the saved Colab runtime before treating it as committed data."
"Colab output/equal_operand_frozen_transfer_circuit.csv","notebooks/00_full_record.ipynb, cell 160","","","not_in_repository","The notebook writes this output during execution; retrieve it from the saved Colab runtime before treating it as committed data."
"Colab output/equal_operand_new_range_prompt_results.csv","notebooks/00_full_record.ipynb, cell 161","","","not_in_repository","The notebook writes this output during execution; retrieve it from the saved Colab runtime before treating it as committed data."
"Colab output/equal_operand_new_range_target_summary.csv","notebooks/00_full_record.ipynb, cell 161","","","not_in_repository","The notebook writes this output during execution; retrieve it from the saved Colab runtime before treating it as committed data."
"Colab output/equal_operand_circuit_completeness.csv","notebooks/00_full_record.ipynb, cell 162","","","not_in_repository","The notebook writes this output during execution; retrieve it from the saved Colab runtime before treating it as committed data."
"Colab output/equal_operand_circuit_minimality.csv","notebooks/00_full_record.ipynb, cell 163","","","not_in_repository","The notebook writes this output during execution; retrieve it from the saved Colab runtime before treating it as committed data."
"Colab output/equal_operand_circuit_holdout.csv","notebooks/00_full_record.ipynb, cell 164","","","not_in_repository","The notebook writes this output during execution; retrieve it from the saved Colab runtime before treating it as committed data."
"Colab output/equal_operand_circuit_operator_transfer.csv","notebooks/00_full_record.ipynb, cell 165","","","not_in_repository","The notebook writes this output during execution; retrieve it from the saved Colab runtime before treating it as committed data."
"Colab output/equal_operand_filler_controls.csv","notebooks/00_full_record.ipynb, cell 166","","","not_in_repository","The notebook writes this output during execution; retrieve it from the saved Colab runtime before treating it as committed data."
"Colab output/equal_operand_final_mechanistic_summary.csv","notebooks/00_full_record.ipynb, cell 167","","","not_in_repository","The notebook writes this output during execution; retrieve it from the saved Colab runtime before treating it as committed data."
"notebooks/00_full_record.ipynb","uploaded final notebook (9), copied without modification","167","3adf9e03d7908ce80e1dca01eaa68576b440f19fef6e5c6008b7801e718db334","archival_run_record","Saved outputs are preserved; this export was not rerun during integration."
"notebooks/mechanistic_interpretability.ipynb","superseded notebook export","134","e08d1b966feebc2c2920b9e8dfe684cba80c46853d25d64f69f3ea24b9332959","retired_superseded","Older notebook version; useful findings and discrepancies are retained in the final full-record notebook and audit trail."
"docs/RESEARCH_LOG.md","superseded research chronology","","06c9def055ce980817854b4eb26c6d5753ef7479d5475229a739e898b95bc623","retired_superseded","Research narrative and correction history are consolidated in RESEARCH_FLOW.md and audit_trail.md."
"data/variance_scaling_legacy.csv","superseded data table","27","af66a8531fe6b0f151a60b32aec83c082f7e3e87695063bab0f2eef67066fb41","retired_superseded","Rounded values transcribed in audit_trail.md A23; superseded by data/current/variance_scaling.csv."
"data/corpus_frequencies.json","retracted corpus artifact","7","8bd2545eb1593786f93fb8311a3b99898c2a9782da92503334c1a441804e53fc","retired_retracted","Historical result is documented in audit_trail.md A26/A30; rho=+0.82 was retracted."
"data/corpus_frequency_requery_summary.csv","historical corpus summary","7","7fb16e67335de7f762b7f0019b81c58d7fb4dc83b31f922cd79c26a9c1409979","retired_historical","Historical values transcribed in audit_trail.md A30; raw response records unavailable and not a result from the final collector."
"paper/figures/addition_grid_heatmap.svg","duplicate figure","","79b56c655158af90126d19f719807bc5856d57434f3a58c99d551c2b036e3688","retired_duplicate","Byte-identical to figures/static/addition_grid_heatmap.svg."
"paper/figures/operator_swap_heatmap.svg","duplicate figure","","c0eeb99b60a3078c7db24f40f55f814fad4158e898eaeb9f1c318852236e9299","retired_duplicate","Byte-identical to figures/static/operator_swap_heatmap.svg."
