target,format,double_score,control_mean,advantage,control_sd,adv_over_sd,cohort
4,digit+digit,0.251,0.203,0.049,0.169,0.29,null
6,digit+digit,0.230,0.213,0.017,0.131,0.13,null
8,digit+digit,0.606,0.315,0.291,0.088,3.31,positive
10,digit+digit,0.647,0.113,0.535,0.056,9.54,positive
12,digit+digit,0.401,0.236,0.165,0.101,1.63,positive
14,digit+digit,-0.238,-0.232,-0.006,0.050,-0.12,null
16,digit+digit,0.719,0.037,0.682,0.063,10.83,positive
4,digit+word,0.380,0.203,0.177,0.210,0.84,null
6,digit+word,0.267,0.213,0.054,0.180,0.30,null
8,digit+word,0.996,0.454,0.542,0.155,3.50,positive
10,digit+word,1.329,0.396,0.933,0.172,5.42,positive
12,digit+word,0.935,0.499,0.436,0.184,2.37,positive
14,digit+word,-0.200,-0.232,0.032,0.160,0.20,null
16,digit+word,1.255,0.164,1.091,0.175,6.23,positive
4,word+word,0.303,0.203,0.100,0.310,0.32,null
6,word+word,-0.077,0.213,-0.290,0.295,-0.98,null
8,word+word,1.542,0.336,1.206,0.260,4.64,positive
10,word+word,2.057,0.465,1.592,0.278,5.73,positive
12,word+word,1.180,0.459,0.721,0.285,2.53,positive
14,word+word,-0.387,-0.232,-0.155,0.250,-0.62,null
16,word+word,1.950,0.071,1.879,0.268,7.01,positive
mean_positive_T8_10_12_16,digit+digit,0.593,0.175,0.418,0.080,5.22,summary_positive
mean_positive_T8_10_12_16,digit+word,1.129,0.378,0.750,0.171,4.40,summary_positive
mean_positive_T8_10_12_16,word+word,1.682,0.333,1.349,0.273,4.93,summary_positive
mean_null_T4_6_14,digit+digit,0.081,0.061,0.020,0.117,0.17,summary_null
mean_null_T4_6_14,digit+word,0.149,0.061,0.087,0.183,0.48,summary_null
mean_null_T4_6_14,word+word,-0.054,0.061,-0.115,0.285,-0.40,summary_null
